This is XeTeX, Version 3.141592653-2.6-0.999998 (TeX Live 2026) (preloaded format=xelatex 2026.9.10)  27 SEP 2026 09:51
entering extended mode
 restricted \write18 enabled.
 %&-line parsing enabled.
**main.tex
(./main.tex
LaTeX2e <2026-06-01>
L3 programming layer <2026-08-10>
(/usr/local/texlive/2026/texmf-dist/tex/latex/ctex/ctexbook.cls
(/usr/local/texlive/2026/texmf-dist/tex/latex/ctex/config/ctexbackend.cfg
File: ctexbackend.cfg 2026/08/11 v2.6.5 Backend configuration file (CTEX)
)
(/usr/local/texlive/2026/texmf-dist/tex/latex/l3kernel/expl3.sty
Package: expl3 2026-08-10 L3 programming layer (loader) 

(/usr/local/texlive/2026/texmf-dist/tex/latex/l3kernel/l3backend-xetex.def
File: l3backend-xetex.def 2026-08-10 L3 backend support: XeTeX
\g__graphics_track_int=\count273
\g__pdfannot_backend_int=\count274
\g__pdfannot_backend_link_int=\count275
))
Document Class: ctexbook 2026/08/11 v2.6.5 Chinese adapter for class book (CTEX
)
(/usr/local/texlive/2026/texmf-dist/tex/latex/ctex/ctexhook.sty
Package: ctexhook 2026/08/11 v2.6.5 Document and package hooks (CTEX)
)
(/usr/local/texlive/2026/texmf-dist/tex/latex/ctex/ctexpatch.sty
Package: ctexpatch 2026/08/11 v2.6.5 Patching commands (CTEX)
)
(/usr/local/texlive/2026/texmf-dist/tex/latex/base/fix-cm.sty
Package: fix-cm 2020/11/24 v1.1t fixes to LaTeX

(/usr/local/texlive/2026/texmf-dist/tex/latex/base/ts1enc.def
File: ts1enc.def 2001/06/05 v3.0e (jk/car/fm) Standard LaTeX file
LaTeX Font Info:    Redeclaring font encoding TS1 on input line 47.
LaTeX Encoding Info:    Redeclaring text command \capitalcedilla (encoding TS1)
 on input line 49.
LaTeX Encoding Info:    Redeclaring text command \capitalogonek (encoding TS1) 
on input line 52.
LaTeX Encoding Info:    Redeclaring text command \capitalgrave (encoding TS1) o
n input line 55.
LaTeX Encoding Info:    Redeclaring text command \capitalacute (encoding TS1) o
n input line 56.
LaTeX Encoding Info:    Redeclaring text command \capitalcircumflex (encoding T
S1) on input line 57.
LaTeX Encoding Info:    Redeclaring text command \capitaltilde (encoding TS1) o
n input line 58.
LaTeX Encoding Info:    Redeclaring text command \capitaldieresis (encoding TS1
) on input line 59.
LaTeX Encoding Info:    Redeclaring text command \capitalhungarumlaut (encoding
 TS1) on input line 60.
LaTeX Encoding Info:    Redeclaring text command \capitalring (encoding TS1) on
 input line 61.
LaTeX Encoding Info:    Redeclaring text command \capitalcaron (encoding TS1) o
n input line 62.
LaTeX Encoding Info:    Redeclaring text command \capitalbreve (encoding TS1) o
n input line 63.
LaTeX Encoding Info:    Redeclaring text command \capitalmacron (encoding TS1) 
on input line 64.
LaTeX Encoding Info:    Redeclaring text command \capitaldotaccent (encoding TS
1) on input line 65.
LaTeX Encoding Info:    Redeclaring text command \t (encoding TS1) on input lin
e 66.
LaTeX Encoding Info:    Redeclaring text command \capitaltie (encoding TS1) on 
input line 67.
LaTeX Encoding Info:    Redeclaring text command \newtie (encoding TS1) on inpu
t line 68.
LaTeX Encoding Info:    Redeclaring text command \capitalnewtie (encoding TS1) 
on input line 69.
LaTeX Encoding Info:    Redeclaring text symbol \textcapitalcompwordmark (encod
ing TS1) on input line 70.
LaTeX Encoding Info:    Redeclaring text symbol \textascendercompwordmark (enco
ding TS1) on input line 71.
LaTeX Encoding Info:    Redeclaring text symbol \textquotestraightbase (encodin
g TS1) on input line 72.
LaTeX Encoding Info:    Redeclaring text symbol \textquotestraightdblbase (enco
ding TS1) on input line 73.
LaTeX Encoding Info:    Redeclaring text symbol \texttwelveudash (encoding TS1)
 on input line 74.
LaTeX Encoding Info:    Redeclaring text symbol \textthreequartersemdash (encod
ing TS1) on input line 75.
LaTeX Encoding Info:    Redeclaring text symbol \textleftarrow (encoding TS1) o
n input line 76.
LaTeX Encoding Info:    Redeclaring text symbol \textrightarrow (encoding TS1) 
on input line 77.
LaTeX Encoding Info:    Redeclaring text symbol \textblank (encoding TS1) on in
put line 78.
LaTeX Encoding Info:    Redeclaring text symbol \textdollar (encoding TS1) on i
nput line 79.
LaTeX Encoding Info:    Redeclaring text symbol \textquotesingle (encoding TS1)
 on input line 80.
LaTeX Encoding Info:    Redeclaring text command \textasteriskcentered (encodin
g TS1) on input line 81.
LaTeX Encoding Info:    Redeclaring text symbol \textdblhyphen (encoding TS1) o
n input line 92.
LaTeX Encoding Info:    Redeclaring text symbol \textfractionsolidus (encoding 
TS1) on input line 93.
LaTeX Encoding Info:    Redeclaring text symbol \textzerooldstyle (encoding TS1
) on input line 94.
LaTeX Encoding Info:    Redeclaring text symbol \textoneoldstyle (encoding TS1)
 on input line 95.
LaTeX Encoding Info:    Redeclaring text symbol \texttwooldstyle (encoding TS1)
 on input line 96.
LaTeX Encoding Info:    Redeclaring text symbol \textthreeoldstyle (encoding TS
1) on input line 97.
LaTeX Encoding Info:    Redeclaring text symbol \textfouroldstyle (encoding TS1
) on input line 98.
LaTeX Encoding Info:    Redeclaring text symbol \textfiveoldstyle (encoding TS1
) on input line 99.
LaTeX Encoding Info:    Redeclaring text symbol \textsixoldstyle (encoding TS1)
 on input line 100.
LaTeX Encoding Info:    Redeclaring text symbol \textsevenoldstyle (encoding TS
1) on input line 101.
LaTeX Encoding Info:    Redeclaring text symbol \texteightoldstyle (encoding TS
1) on input line 102.
LaTeX Encoding Info:    Redeclaring text symbol \textnineoldstyle (encoding TS1
) on input line 103.
LaTeX Encoding Info:    Redeclaring text symbol \textlangle (encoding TS1) on i
nput line 104.
LaTeX Encoding Info:    Redeclaring text symbol \textminus (encoding TS1) on in
put line 105.
LaTeX Encoding Info:    Redeclaring text symbol \textrangle (encoding TS1) on i
nput line 106.
LaTeX Encoding Info:    Redeclaring text symbol \textmho (encoding TS1) on inpu
t line 107.
LaTeX Encoding Info:    Redeclaring text symbol \textbigcircle (encoding TS1) o
n input line 108.
LaTeX Encoding Info:    Redeclaring text command \textcircled (encoding TS1) on
 input line 109.
LaTeX Encoding Info:    Redeclaring text symbol \textohm (encoding TS1) on inpu
t line 115.
LaTeX Encoding Info:    Redeclaring text symbol \textlbrackdbl (encoding TS1) o
n input line 116.
LaTeX Encoding Info:    Redeclaring text symbol \textrbrackdbl (encoding TS1) o
n input line 117.
LaTeX Encoding Info:    Redeclaring text symbol \textuparrow (encoding TS1) on 
input line 118.
LaTeX Encoding Info:    Redeclaring text symbol \textdownarrow (encoding TS1) o
n input line 119.
LaTeX Encoding Info:    Redeclaring text symbol \textasciigrave (encoding TS1) 
on input line 120.
LaTeX Encoding Info:    Redeclaring text symbol \textborn (encoding TS1) on inp
ut line 121.
LaTeX Encoding Info:    Redeclaring text symbol \textdivorced (encoding TS1) on
 input line 122.
LaTeX Encoding Info:    Redeclaring text symbol \textdied (encoding TS1) on inp
ut line 123.
LaTeX Encoding Info:    Redeclaring text symbol \textleaf (encoding TS1) on inp
ut line 124.
LaTeX Encoding Info:    Redeclaring text symbol \textmarried (encoding TS1) on 
input line 125.
LaTeX Encoding Info:    Redeclaring text symbol \textmusicalnote (encoding TS1)
 on input line 126.
LaTeX Encoding Info:    Redeclaring text symbol \texttildelow (encoding TS1) on
 input line 127.
LaTeX Encoding Info:    Redeclaring text symbol \textdblhyphenchar (encoding TS
1) on input line 128.
LaTeX Encoding Info:    Redeclaring text symbol \textasciibreve (encoding TS1) 
on input line 129.
LaTeX Encoding Info:    Redeclaring text symbol \textasciicaron (encoding TS1) 
on input line 130.
LaTeX Encoding Info:    Redeclaring text symbol \textacutedbl (encoding TS1) on
 input line 131.
LaTeX Encoding Info:    Redeclaring text symbol \textgravedbl (encoding TS1) on
 input line 132.
LaTeX Encoding Info:    Redeclaring text symbol \textdagger (encoding TS1) on i
nput line 133.
LaTeX Encoding Info:    Redeclaring text symbol \textdaggerdbl (encoding TS1) o
n input line 134.
LaTeX Encoding Info:    Redeclaring text symbol \textbardbl (encoding TS1) on i
nput line 135.
LaTeX Encoding Info:    Redeclaring text symbol \textperthousand (encoding TS1)
 on input line 136.
LaTeX Encoding Info:    Redeclaring text symbol \textbullet (encoding TS1) on i
nput line 137.
LaTeX Encoding Info:    Redeclaring text symbol \textcelsius (encoding TS1) on 
input line 138.
LaTeX Encoding Info:    Redeclaring text symbol \textdollaroldstyle (encoding T
S1) on input line 139.
LaTeX Encoding Info:    Redeclaring text symbol \textcentoldstyle (encoding TS1
) on input line 140.
LaTeX Encoding Info:    Redeclaring text symbol \textflorin (encoding TS1) on i
nput line 141.
LaTeX Encoding Info:    Redeclaring text symbol \textcolonmonetary (encoding TS
1) on input line 142.
LaTeX Encoding Info:    Redeclaring text symbol \textwon (encoding TS1) on inpu
t line 143.
LaTeX Encoding Info:    Redeclaring text symbol \textnaira (encoding TS1) on in
put line 144.
LaTeX Encoding Info:    Redeclaring text symbol \textguarani (encoding TS1) on 
input line 145.
LaTeX Encoding Info:    Redeclaring text symbol \textpeso (encoding TS1) on inp
ut line 146.
LaTeX Encoding Info:    Redeclaring text symbol \textlira (encoding TS1) on inp
ut line 147.
LaTeX Encoding Info:    Redeclaring text symbol \textrecipe (encoding TS1) on i
nput line 148.
LaTeX Encoding Info:    Redeclaring text symbol \textinterrobang (encoding TS1)
 on input line 149.
LaTeX Encoding Info:    Redeclaring text symbol \textinterrobangdown (encoding 
TS1) on input line 150.
LaTeX Encoding Info:    Redeclaring text symbol \textdong (encoding TS1) on inp
ut line 151.
LaTeX Encoding Info:    Redeclaring text symbol \texttrademark (encoding TS1) o
n input line 152.
LaTeX Encoding Info:    Redeclaring text symbol \textpertenthousand (encoding T
S1) on input line 153.
LaTeX Encoding Info:    Redeclaring text symbol \textpilcrow (encoding TS1) on 
input line 154.
LaTeX Encoding Info:    Redeclaring text symbol \textbaht (encoding TS1) on inp
ut line 155.
LaTeX Encoding Info:    Redeclaring text symbol \textnumero (encoding TS1) on i
nput line 156.
LaTeX Encoding Info:    Redeclaring text symbol \textdiscount (encoding TS1) on
 input line 157.
LaTeX Encoding Info:    Redeclaring text symbol \textestimated (encoding TS1) o
n input line 158.
LaTeX Encoding Info:    Redeclaring text symbol \textopenbullet (encoding TS1) 
on input line 159.
LaTeX Encoding Info:    Redeclaring text symbol \textservicemark (encoding TS1)
 on input line 160.
LaTeX Encoding Info:    Redeclaring text symbol \textlquill (encoding TS1) on i
nput line 161.
LaTeX Encoding Info:    Redeclaring text symbol \textrquill (encoding TS1) on i
nput line 162.
LaTeX Encoding Info:    Redeclaring text symbol \textcent (encoding TS1) on inp
ut line 163.
LaTeX Encoding Info:    Redeclaring text symbol \textsterling (encoding TS1) on
 input line 164.
LaTeX Encoding Info:    Redeclaring text symbol \textcurrency (encoding TS1) on
 input line 165.
LaTeX Encoding Info:    Redeclaring text symbol \textyen (encoding TS1) on inpu
t line 166.
LaTeX Encoding Info:    Redeclaring text symbol \textbrokenbar (encoding TS1) o
n input line 167.
LaTeX Encoding Info:    Redeclaring text symbol \textsection (encoding TS1) on 
input line 168.
LaTeX Encoding Info:    Redeclaring text symbol \textasciidieresis (encoding TS
1) on input line 169.
LaTeX Encoding Info:    Redeclaring text symbol \textcopyright (encoding TS1) o
n input line 170.
LaTeX Encoding Info:    Redeclaring text symbol \textordfeminine (encoding TS1)
 on input line 171.
LaTeX Encoding Info:    Redeclaring text symbol \textcopyleft (encoding TS1) on
 input line 172.
LaTeX Encoding Info:    Redeclaring text symbol \textlnot (encoding TS1) on inp
ut line 173.
LaTeX Encoding Info:    Redeclaring text symbol \textcircledP (encoding TS1) on
 input line 174.
LaTeX Encoding Info:    Redeclaring text symbol \textregistered (encoding TS1) 
on input line 175.
LaTeX Encoding Info:    Redeclaring text symbol \textasciimacron (encoding TS1)
 on input line 176.
LaTeX Encoding Info:    Redeclaring text symbol \textdegree (encoding TS1) on i
nput line 177.
LaTeX Encoding Info:    Redeclaring text symbol \textpm (encoding TS1) on input
 line 178.
LaTeX Encoding Info:    Redeclaring text symbol \texttwosuperior (encoding TS1)
 on input line 179.
LaTeX Encoding Info:    Redeclaring text symbol \textthreesuperior (encoding TS
1) on input line 180.
LaTeX Encoding Info:    Redeclaring text symbol \textasciiacute (encoding TS1) 
on input line 181.
LaTeX Encoding Info:    Redeclaring text symbol \textmu (encoding TS1) on input
 line 182.
LaTeX Encoding Info:    Redeclaring text symbol \textparagraph (encoding TS1) o
n input line 183.
LaTeX Encoding Info:    Redeclaring text symbol \textperiodcentered (encoding T
S1) on input line 184.
LaTeX Encoding Info:    Redeclaring text symbol \textreferencemark (encoding TS
1) on input line 185.
LaTeX Encoding Info:    Redeclaring text symbol \textonesuperior (encoding TS1)
 on input line 186.
LaTeX Encoding Info:    Redeclaring text symbol \textordmasculine (encoding TS1
) on input line 187.
LaTeX Encoding Info:    Redeclaring text symbol \textsurd (encoding TS1) on inp
ut line 188.
LaTeX Encoding Info:    Redeclaring text symbol \textonequarter (encoding TS1) 
on input line 189.
LaTeX Encoding Info:    Redeclaring text symbol \textonehalf (encoding TS1) on 
input line 190.
LaTeX Encoding Info:    Redeclaring text symbol \textthreequarters (encoding TS
1) on input line 191.
LaTeX Encoding Info:    Redeclaring text symbol \texteuro (encoding TS1) on inp
ut line 192.
LaTeX Encoding Info:    Redeclaring text symbol \texttimes (encoding TS1) on in
put line 193.
LaTeX Encoding Info:    Redeclaring text symbol \textdiv (encoding TS1) on inpu
t line 194.
))
\l__ctex_tmp_int=\count276
\l__ctex_tmp_box=\box53
\l__ctex_tmp_dim=\dimen150
\g__ctex_section_depth_int=\count277
\g__ctex_font_size_int=\count278

(/usr/local/texlive/2026/texmf-dist/tex/latex/ctex/config/ctexopts.cfg
File: ctexopts.cfg 2026/08/11 v2.6.5 Option configuration file (CTEX)
)
(/usr/local/texlive/2026/texmf-dist/tex/latex/base/book.cls
Document Class: book 2025/01/22 v1.4n Standard LaTeX document class
(/usr/local/texlive/2026/texmf-dist/tex/latex/base/bk12.clo
File: bk12.clo 2025/01/22 v1.4n Standard LaTeX file (size option)
)
\c@part=\count279
\c@chapter=\count280
\c@section=\count281
\c@subsection=\count282
\c@subsubsection=\count283
\c@paragraph=\count284
\c@subparagraph=\count285
\c@figure=\count286
\c@table=\count287
\abovecaptionskip=\skip49
\belowcaptionskip=\skip50
\bibindent=\dimen151
)
(/usr/local/texlive/2026/texmf-dist/tex/latex/ctex/engine/ctex-engine-xetex.def
File: ctex-engine-xetex.def 2026/08/11 v2.6.5 XeLaTeX adapter (CTEX)
(/usr/local/texlive/2026/texmf-dist/tex/xelatex/xecjk/xeCJK.sty
Package: xeCJK 2026/08/21 v3.10.6 Typesetting CJK scripts with XeLaTeX

(/usr/local/texlive/2026/texmf-dist/tex/latex/l3packages/xtemplate/xtemplate.st
y
Package: xtemplate 2025-10-09 L3 Experimental prototype document functions
)
\l__xeCJK_tmp_int=\count288
\l__xeCJK_tmp_box=\box54
\l__xeCJK_tmp_dim=\dimen152
\l__xeCJK_tmp_skip=\skip51
\g__xeCJK_space_factor_int=\count289
\l__xeCJK_begin_int=\count290
\l__xeCJK_end_int=\count291
\c__xeCJK_CJK_class_int=\XeTeXcharclass1
\c__xeCJK_FullLeft_class_int=\XeTeXcharclass2
\c__xeCJK_FullRight_class_int=\XeTeXcharclass3
\c__xeCJK_HalfLeft_class_int=\XeTeXcharclass4
\c__xeCJK_HalfRight_class_int=\XeTeXcharclass5
\c__xeCJK_NormalSpace_class_int=\XeTeXcharclass6
\c__xeCJK_CM_class_int=\XeTeXcharclass7
\c__xeCJK_HangulJamo_class_int=\XeTeXcharclass8
\c__xeCJK_HangulJamoL_class_int=\XeTeXcharclass9
\c__xeCJK_HangulJamoV_class_int=\XeTeXcharclass10
\c__xeCJK_HangulJamoT_class_int=\XeTeXcharclass11
\c__xeCJK_CJStarter_class_int=\XeTeXcharclass12
\c__xeCJK_PoZheHao_class_int=\XeTeXcharclass13
\l__xeCJK_interword_dim=\dimen153
\l__xeCJK_last_skip=\skip52
\c__xeCJK_none_node=\count292
\g__xeCJK_node_int=\count293
\c__xeCJK_CJK_node_dim=\dimen154
\c__xeCJK_CJK-space_node_dim=\dimen155
\c__xeCJK_default_node_dim=\dimen156
\c__xeCJK_CJK-widow_node_dim=\dimen157
\c__xeCJK_normalspace_node_dim=\dimen158
\c__xeCJK_default-space_node_skip=\skip53
\c__xeCJK_math_node_dim=\dimen159
\c__xeCJK_math-space_node_dim=\dimen160
\c__xeCJK_math-space-frozen_node_dim=\dimen161
\g__xeCJK_boundary_capture_depth_int=\count294
\g__xeCJK_boundary_suspend_depth_int=\count295
\g__xeCJK_boundary_capture_1_box=\box55
\g__xeCJK_boundary_capture_2_box=\box56
\g__xeCJK_boundary_capture_3_box=\box57
\l__xeCJK_boundary_post_box=\box58
\l__xeCJK_boundary_math_skip=\skip54
\l__xeCJK_boundary_math_actual_skip=\skip55
\l__xeCJK_boundary_math_ecglue_skip=\skip56
\l__xeCJK_boundary_math_delta_skip=\skip57
\l__xeCJK_boundary_math_space_dim=\dimen162
\l__xeCJK_boundary_math_ecglue_dim=\dimen163
\l__xeCJK_boundary_math_stretch_dim=\dimen164
\l__xeCJK_boundary_math_shrink_dim=\dimen165
\g__xeCJK_boundary_probe_type_int=\count296
\l__xeCJK_boundary_probe_box=\box59
\l__xeCJK_ccglue_skip=\skip58
\l__xeCJK_ecglue_skip=\skip59
\g__xeCJK_par_guard_dim=\dimen166
\l__xeCJK_punct_kern_skip=\skip60
\l__xeCJK_indent_box=\box60
\l__xeCJK_last_penalty_int=\count297
\l__xeCJK_last_bound_dim=\dimen167
\l__xeCJK_last_kern_dim=\dimen168
\l__xeCJK_widow_penalty_int=\count298

LaTeX template Info: Declaring template type 'xeCJK/punctuation' taking 0
(template)           argument(s) on line 4902.

\l__xeCJK_fixed_punct_width_dim=\dimen169
\l__xeCJK_mixed_punct_width_dim=\dimen170
\l__xeCJK_middle_punct_width_dim=\dimen171
\l__xeCJK_fixed_margin_width_dim=\dimen172
\l__xeCJK_mixed_margin_width_dim=\dimen173
\l__xeCJK_middle_margin_width_dim=\dimen174
\l__xeCJK_bound_punct_width_dim=\dimen175
\l__xeCJK_bound_margin_width_dim=\dimen176
\l__xeCJK_margin_minimum_dim=\dimen177
\l__xeCJK_kerning_total_width_dim=\dimen178
\l__xeCJK_same_align_margin_dim=\dimen179
\l__xeCJK_different_align_margin_dim=\dimen180
\l__xeCJK_kerning_margin_width_dim=\dimen181
\l__xeCJK_kerning_margin_minimum_dim=\dimen182
\l__xeCJK_bound_dim=\dimen183
\l__xeCJK_reverse_bound_dim=\dimen184
\l__xeCJK_margin_dim=\dimen185
\l__xeCJK_minimum_bound_dim=\dimen186
\l__xeCJK_kerning_margin_dim=\dimen187
\g__xeCJK_family_int=\count299
\l__xeCJK_fam_int=\count300
\g__xeCJK_fam_allocation_int=\count301
\l__xeCJK_verb_case_int=\count302
\l__xeCJK_verb_exspace_skip=\skip61
 (/usr/local/texlive/2026/texmf-dist/tex/latex/fontspec/fontspec.sty
Package: fontspec 2026/08/11 v2.9h Font selection for XeLaTeX and LuaLaTeX

(/usr/local/texlive/2026/texmf-dist/tex/latex/fontspec/fontspec-xetex.sty
Package: fontspec-xetex 2026/08/11 v2.9h Font selection for XeLaTeX and LuaLaTe
X
\l__fontspec_script_int=\count303
\l__fontspec_language_int=\count304
\l__fontspec_strnum_int=\count305
\l__fontspec_tmp_int=\count306
\l__fontspec_tmpa_int=\count307
\l__fontspec_tmpb_int=\count308
\l__fontspec_tmpc_int=\count309
\l__fontspec_em_int=\count310
\l__fontspec_emdef_int=\count311
\l__fontspec_strong_int=\count312
\l__fontspec_strongdef_int=\count313
\l__fontspec_tmpa_dim=\dimen188
\l__fontspec_tmpb_dim=\dimen189
\l__fontspec_tmpc_dim=\dimen190

(/usr/local/texlive/2026/texmf-dist/tex/latex/base/fontenc.sty
Package: fontenc 2025/07/18 v2.1d Standard LaTeX package
)
(/usr/local/texlive/2026/texmf-dist/tex/latex/fontspec/fontspec.cfg)))
\l__xeCJK_default_char_int=\count314

(/usr/local/texlive/2026/texmf-dist/tex/xelatex/xecjk/xeCJK.cfg
File: xeCJK.cfg 2026/08/21 v3.10.6 Configuration file for xeCJK package
))
\ccwd=\dimen191
\l__ctex_ccglue_skip=\skip62
)
\l__ctex_ziju_dim=\dimen192

(/usr/local/texlive/2026/texmf-dist/tex/latex/zhnumber/zhnumber.sty
Package: zhnumber 2022/07/14 v3.0 Typesetting numbers with Chinese glyphs
\l__zhnum_scale_int=\count315
\l__zhnum_tmp_int=\count316

(/usr/local/texlive/2026/texmf-dist/tex/latex/zhnumber/zhnumber-utf8.cfg
File: zhnumber-utf8.cfg 2022/07/14 v3.0 Chinese numerals with UTF8 encoding
))
\l__ctex_heading_skip=\skip63

(/usr/local/texlive/2026/texmf-dist/tex/latex/ctex/scheme/ctex-scheme-chinese-b
ook.def
File: ctex-scheme-chinese-book.def 2026/08/11 v2.6.5 Chinese scheme for book (C
TEX)

(/usr/local/texlive/2026/texmf-dist/tex/latex/ctex/config/ctex-name-utf8.cfg
File: ctex-name-utf8.cfg 2026/08/11 v2.6.5 Caption with encoding UTF-8 (CTEX)
))
(/usr/local/texlive/2026/texmf-dist/tex/latex/ctex/ctex-cs4size.clo
File: ctex-cs4size.clo 2026/08/11 v2.6.5 cs4size option (CTEX)
)
(/usr/local/texlive/2026/texmf-dist/tex/latex/ctex/fontset/ctex-fontset-mac.def
File: ctex-fontset-mac.def 2026/08/11 v2.6.5 macOS fonts definition (CTEX)

(/usr/local/texlive/2026/texmf-dist/tex/latex/ctex/fontset/ctex-fontset-macnew.
def
File: ctex-fontset-macnew.def 2026/08/11 v2.6.5 macOS fonts definition for El C
apitan or later version (CTEX)

Package fontspec Info: 
(fontspec)             Script 'CJK' not explicitly supported within font
(fontspec)             'Songti SC Regular'. Check the typeset output, and if
(fontspec)             it is okay then ignore this warning. Otherwise a
(fontspec)             different font should be chosen.


Package fontspec Info: 
(fontspec)             Font family 'SongtiSCRegular(0)' created for font
(fontspec)             'Songti SC Regular' with options
(fontspec)             [Script={CJK},BoldItalicFont={Kaiti SC
(fontspec)             Bold},BoldFont={Songti SC Bold},ItalicFont={Kaiti SC}].
(fontspec)              
(fontspec)              This font family consists of the following NFSS
(fontspec)             series/shapes:
(fontspec)              
(fontspec)             - 'normal' (m/n) with NFSS spec.: <->"Songti SC
(fontspec)             Regular/OT:script=hani;language=dflt;"
(fontspec)             - 'bold' (b/n) with NFSS spec.: <->"Songti SC
(fontspec)             Bold/OT:script=hani;language=dflt;"
(fontspec)             - 'italic' (m/it) with NFSS spec.: <->"Kaiti
(fontspec)             SC/OT:script=hani;language=dflt;"
(fontspec)             - 'bold italic' (b/it) with NFSS spec.: <->"Kaiti SC
(fontspec)             Bold/OT:script=hani;language=dflt;"

))) (/usr/local/texlive/2026/texmf-dist/tex/latex/ctex/config/ctex.cfg
File: ctex-scheme.cfg 2026/08/11 v2.6.5 Configuration file (CTEX)
)
(/usr/local/texlive/2026/texmf-dist/tex/latex/base/inputenc.sty
Package: inputenc 2024/02/08 v1.3d Input encoding file
\inpenc@prehook=\toks17
\inpenc@posthook=\toks18


Package inputenc Warning: inputenc package ignored with utf8 based engines.

) (/usr/local/texlive/2026/texmf-dist/tex/latex/base/fontenc.sty
Package: fontenc 2025/07/18 v2.1d Standard LaTeX package

(/usr/local/texlive/2026/texmf-dist/tex/latex/cyrillic/ot2enc.def
File: ot2enc.def 2022/06/11 v3.3b Cyrillic encoding definition file
)
LaTeX Font Info:    Trying to load font information for OT1+lmr on input line 1
16.

(/usr/local/texlive/2026/texmf-dist/tex/latex/lm/ot1lmr.fd
File: ot1lmr.fd 2015/05/01 v1.6.1 Font defs for Latin Modern
)) (./HZcaption.tex)
(./command.tex)
(/usr/local/texlive/2026/texmf-dist/tex/latex/geometry/geometry.sty
Package: geometry 2026/03/07 v6.0 Page Geometry

(/usr/local/texlive/2026/texmf-dist/tex/latex/graphics/keyval.sty
Package: keyval 2026-05-17 v1.15 key=value parser (DPC)
\KV@toks@=\toks19
)
(/usr/local/texlive/2026/texmf-dist/tex/generic/iftex/ifvtex.sty
Package: ifvtex 2019/10/25 v1.7 ifvtex legacy package. Use iftex instead.

(/usr/local/texlive/2026/texmf-dist/tex/generic/iftex/iftex.sty
Package: iftex 2024/12/12 v1.0g TeX engine tests
))
\Gm@cnth=\count317
\Gm@cntv=\count318
\c@Gm@tempcnt=\count319
\Gm@bindingoffset=\dimen193
\Gm@wd@mp=\dimen194
\Gm@odd@mp=\dimen195
\Gm@even@mp=\dimen196
\Gm@layoutwidth=\dimen197
\Gm@layoutheight=\dimen198
\Gm@layouthoffset=\dimen199
\Gm@layoutvoffset=\dimen256
\Gm@dimlist=\toks20
)
(/usr/local/texlive/2026/texmf-dist/tex/xelatex/xltxtra/xltxtra.sty
Package: xltxtra 2018/12/31 v0.7 Improvements for the "XeLaTeX" format

(/usr/local/texlive/2026/texmf-dist/tex/generic/iftex/ifluatex.sty
Package: ifluatex 2019/10/25 v1.5 ifluatex legacy package. Use iftex instead.
)
(/usr/local/texlive/2026/texmf-dist/tex/generic/iftex/ifxetex.sty
Package: ifxetex 2019/10/25 v0.7 ifxetex legacy package. Use iftex instead.
)
(/usr/local/texlive/2026/texmf-dist/tex/latex/realscripts/realscripts.sty
Package: realscripts 2016/02/13 v0.3d Access OpenType subscripts and superscrip
ts
\subsupersep=\dimen257
)
(/usr/local/texlive/2026/texmf-dist/tex/latex/metalogo/metalogo.sty
Package: metalogo 2010/05/29 v0.12 Extended TeX logo macros

(/usr/local/texlive/2026/texmf-dist/tex/latex/graphics/graphicx.sty
Package: graphicx 2026-05-17 v1.2e Enhanced LaTeX Graphics (DPC,SPQR)

(/usr/local/texlive/2026/texmf-dist/tex/latex/graphics/graphics.sty
Package: graphics 2026-05-17 v1.4h Standard LaTeX Graphics (DPC,SPQR)

(/usr/local/texlive/2026/texmf-dist/tex/latex/graphics/trig.sty
Package: trig 2023/12/02 v1.11 sin cos tan (DPC)
)
(/usr/local/texlive/2026/texmf-dist/tex/latex/graphics-cfg/graphics.cfg
File: graphics.cfg 2016/06/04 v1.11 sample graphics configuration
)
Package graphics Info: Driver file: xetex.def on input line 106.

(/usr/local/texlive/2026/texmf-dist/tex/latex/graphics-def/xetex.def
File: xetex.def 2025/11/01 v5.0p Graphics/color driver for xetex
))
\Gin@req@height=\dimen258
\Gin@req@width=\dimen259
)
\xl@everylogo=\toks21
\xl@@everylogo=\toks22
LaTeX Info: Redefining \TeX on input line 193.
LaTeX Info: Redefining \LaTeX on input line 202.
LaTeX Info: Redefining \LaTeXe on input line 219.
)
\l__xetex_show_hyphens_wrapping_box=\box61
\l__xetex_show_hyphens_temp_box=\box62
\l__xetex_show_hyphens_final_box=\box63
\g__xetex_show_hyphens_word_box=\box64
)
(/usr/local/texlive/2026/texmf-dist/tex/xelatex/xunicode/xunicode.sty
File: xunicode.sty 2011/09/09 v0.981 provides access to latin accents and many 
other characters in Unicode lower plane

*** you should *not* be loading the inputenc package
*** XeTeX expects the source to be in UTF8 encoding
*** some features of other encodings may conflict, resulting in poor output.
(/usr/local/texlive/2026/texmf-dist/tex/latex/tipa/t3enc.def
File: t3enc.def 2001/12/31 T3 encoding

Package fontspec Info: 
(fontspec)             Could not resolve font "PingFang SC/I" (it probably
(fontspec)             doesn't exist).

LaTeX Font Info:    Trying to load font information for OT1+lmss on input line 
357.

(/usr/local/texlive/2026/texmf-dist/tex/latex/lm/ot1lmss.fd
File: ot1lmss.fd 2015/05/01 v1.6.1 Font defs for Latin Modern
)

Package fontspec Info: 
(fontspec)             Font family 'PingFangSC(0)' created for font 'PingFang
(fontspec)             SC' with options [Script={CJK}].
(fontspec)              
(fontspec)              This font family consists of the following NFSS
(fontspec)             series/shapes:
(fontspec)              
(fontspec)             - 'normal' (m/n) with NFSS spec.: <->"PingFang
(fontspec)             SC/OT:script=hani;language=dflt;"
(fontspec)             - 'bold' (b/n) with NFSS spec.: <->"PingFang
(fontspec)             SC/B/OT:script=hani;language=dflt;"
(fontspec)             - 'bold italic' (b/it) with NFSS spec.: <->"PingFang
(fontspec)             SC/BI/OT:script=hani;language=dflt;"

)
\tipaTiiicode=\count320
\tipasavetokens=\toks23
\tipachecktokens=\toks24
)
(/usr/local/texlive/2026/texmf-dist/tex/latex/xcolor/xcolor.sty
Package: xcolor 2024/09/29 v3.02 LaTeX color extensions (UK)

(/usr/local/texlive/2026/texmf-dist/tex/latex/graphics-cfg/color.cfg
File: color.cfg 2016/01/02 v1.6 sample color configuration
)
Package xcolor Info: Driver file: xetex.def on input line 274.

(/usr/local/texlive/2026/texmf-dist/tex/latex/graphics/mathcolor.ltx)
Package xcolor Info: Model `cmy' substituted by `cmy0' on input line 1349.
Package xcolor Info: Model `RGB' extended on input line 1365.
Package xcolor Info: Model `HTML' substituted by `rgb' on input line 1367.
Package xcolor Info: Model `Hsb' substituted by `hsb' on input line 1368.
Package xcolor Info: Model `tHsb' substituted by `hsb' on input line 1369.
Package xcolor Info: Model `HSB' substituted by `hsb' on input line 1370.
Package xcolor Info: Model `Gray' substituted by `gray' on input line 1371.
Package xcolor Info: Model `wave' substituted by `hsb' on input line 1372.
)
(/usr/local/texlive/2026/texmf-dist/tex/latex/amsmath/amsmath.sty
Package: amsmath 2026/05/19 v2.18d AMS math features
\@mathmargin=\skip64

For additional information on amsmath, use the `?' option.
(/usr/local/texlive/2026/texmf-dist/tex/latex/amsmath/amstext.sty
Package: amstext 2024/11/17 v2.01 AMS text

(/usr/local/texlive/2026/texmf-dist/tex/latex/amsmath/amsgen.sty
File: amsgen.sty 1999/11/30 v2.0 generic functions
\@emptytoks=\toks25
\ex@=\dimen260
))
(/usr/local/texlive/2026/texmf-dist/tex/latex/amsmath/amsbsy.sty
Package: amsbsy 1999/11/29 v1.2d Bold Symbols
\pmbraise@=\dimen261
)
(/usr/local/texlive/2026/texmf-dist/tex/latex/amsmath/amsopn.sty
Package: amsopn 2022/04/08 v2.04 operator names
)
\inf@bad=\count321
LaTeX Info: Redefining \frac on input line 233.
\uproot@=\count322
\leftroot@=\count323
LaTeX Info: Redefining \overline on input line 398.
LaTeX Info: Redefining \colon on input line 409.
\classnum@=\count324
\DOTSCASE@=\count325
LaTeX Info: Redefining \ldots on input line 495.
LaTeX Info: Redefining \dots on input line 498.
LaTeX Info: Redefining \cdots on input line 619.
\Mathstrutbox@=\box65
\strutbox@=\box66
LaTeX Info: Redefining \big on input line 721.
LaTeX Info: Redefining \Big on input line 722.
LaTeX Info: Redefining \bigg on input line 723.
LaTeX Info: Redefining \Bigg on input line 724.
\big@size=\dimen262
LaTeX Font Info:    Redeclaring font encoding OML on input line 742.
LaTeX Font Info:    Redeclaring font encoding OMS on input line 743.
\macc@depth=\count326
LaTeX Info: Redefining \bmod on input line 904.
LaTeX Info: Redefining \pmod on input line 909.
LaTeX Info: Redefining \smash on input line 939.
LaTeX Info: Redefining \relbar on input line 969.
LaTeX Info: Redefining \Relbar on input line 970.
\c@MaxMatrixCols=\count327
\dotsspace@=\muskip17
\c@parentequation=\count328
\dspbrk@lvl=\count329
\tag@help=\toks26
\row@=\count330
\column@=\count331
\maxfields@=\count332
\andhelp@=\toks27
\eqnshift@=\dimen263
\alignsep@=\dimen264
\tagshift@=\dimen265
\tagwidth@=\dimen266
\totwidth@=\dimen267
\lineht@=\dimen268
\@envbody=\toks28
\multlinegap=\skip65
\multlinetaggap=\skip66
\mathdisplay@stack=\toks29
LaTeX Info: Redefining \[ on input line 2965.
LaTeX Info: Redefining \] on input line 2966.
)
(/usr/local/texlive/2026/texmf-dist/tex/latex/amsfonts/amssymb.sty
Package: amssymb 2013/01/14 v3.01 AMS font symbols

(/usr/local/texlive/2026/texmf-dist/tex/latex/amsfonts/amsfonts.sty
Package: amsfonts 2013/01/14 v3.01 Basic AMSFonts support
\symAMSa=\mathgroup4
\symAMSb=\mathgroup5
LaTeX Font Info:    Redeclaring math symbol \hbar on input line 98.
LaTeX Font Info:    Overwriting math alphabet `\mathfrak' in version `bold'
(Font)                  U/euf/m/n --> U/euf/b/n on input line 106.
))
(/usr/local/texlive/2026/texmf-dist/tex/latex/tools/bm.sty
Package: bm 2025/10/21 v1.2g Bold Symbol Support (DPC/FMi)
\symboldoperators=\mathgroup6
\symboldletters=\mathgroup7
\symboldsymbols=\mathgroup8
Package bm Info: No bold for \OMX/cmex/m/n, using \pmb.
Package bm Info: No bold for \U/msa/m/n, using \pmb.
Package bm Info: No bold for \U/msb/m/n, using \pmb.
LaTeX Font Info:    Redeclaring math alphabet \mathbf on input line 149.
)
(/usr/local/texlive/2026/texmf-dist/tex/latex/wrapfig/wrapfig.sty
\wrapoverhang=\dimen269
\WF@size=\dimen270
\c@WF@wrappedlines=\count333
\WF@box=\box67
\WF@everypar=\toks30
Package: wrapfig 2003/01/31  v 3.6
)
(/usr/local/texlive/2026/texmf-dist/tex/latex/caption/subcaption.sty
Package: subcaption 2023/07/28 v1.6b Sub-captions (AR)

(/usr/local/texlive/2026/texmf-dist/tex/latex/caption/caption.sty
Package: caption 2023/08/05 v3.6o Customizing captions (AR)

(/usr/local/texlive/2026/texmf-dist/tex/latex/caption/caption3.sty
Package: caption3 2023/07/31 v2.4d caption3 kernel (AR)
\caption@tempdima=\dimen271
\captionmargin=\dimen272
\caption@leftmargin=\dimen273
\caption@rightmargin=\dimen274
\caption@width=\dimen275
\caption@indent=\dimen276
\caption@parindent=\dimen277
\caption@hangindent=\dimen278
Package caption Info: Standard document class detected.
)
\c@caption@flags=\count334
\c@continuedfloat=\count335
Package caption Info: wrapfig package is loaded.
)
Package caption Info: New subtype `subfigure' on input line 238.
\c@subfigure=\count336
Package caption Info: New subtype `subtable' on input line 238.
\c@subtable=\count337
)
(/usr/local/texlive/2026/texmf-dist/tex/latex/capt-of/capt-of.sty
Package: capt-of 2009/12/29 v0.2 standard captions outside of floats
)
(/usr/local/texlive/2026/texmf-dist/tex/latex/cutwin/cutwin.sty
Package: cutwin 2021/10/13 v0.2 cutout windows
\c@twwinlines=\count338
\c@twtoplines=\count339
\c@twcnt=\count340
\c@twlftside=\dimen279
\c@twrtside=\dimen280
\c@twtopht=\dimen281
\c@twvsilg=\dimen282
\c@twtoka=\toks31
\c@twtokb=\toks32
\c@twrawtext=\box68
\c@twholdwin=\box69
\c@twwindow=\box70
\c@twfinaltext=\box71
\c@twslicea=\box72
\c@twsliceb=\box73
\c@twdima=\dimen283
\c@twdimb=\dimen284
)
(/usr/local/texlive/2026/texmf-dist/tex/latex/animate/animate.sty
Package: animate 2024/10/14 PDF & SVG animations from files and inline graphics


(/usr/local/texlive/2026/texmf-dist/tex/latex/base/ifthen.sty
Package: ifthen 2024/03/16 v1.1e Standard LaTeX ifthen package (DPC)
)
(/usr/local/texlive/2026/texmf-dist/tex/latex/oberdiek/ifdraft.sty
Package: ifdraft 2016/05/16 v1.4 Detect class options draft and final (HO)
)
(/usr/local/texlive/2026/texmf-dist/tex/latex/tools/calc.sty
Package: calc 2025/03/01 v4.3b Infix arithmetic (KKT,FJ)
\calc@Acount=\count341
\calc@Bcount=\count342
\calc@Adimen=\dimen285
\calc@Bdimen=\dimen286
\calc@Askip=\skip67
\calc@Bskip=\skip68
LaTeX Info: Redefining \setlength on input line 86.
LaTeX Info: Redefining \addtolength on input line 87.
\calc@Ccount=\count343
\calc@Cskip=\skip69
)
(/usr/local/texlive/2026/texmf-dist/tex/latex/media9/pdfbase.sty
Package: pdfbase 2024/09/16 v0.59 driver independent access to low-level PDF fe
atures
\g_pbs_page_int=\count344
\g_pbs_obj_int=\count345
\g_pbs_oc_int=\count346
)
(/usr/local/texlive/2026/texmf-dist/tex/latex/zref/zref-abspage.sty
Package: zref-abspage 2026-03-07 v2.37 Module abspage for zref (HO)

(/usr/local/texlive/2026/texmf-dist/tex/latex/zref/zref-base.sty
Package: zref-base 2026-03-07 v2.37 Module base for zref (HO)

(/usr/local/texlive/2026/texmf-dist/tex/generic/ltxcmds/ltxcmds.sty
Package: ltxcmds 2023-12-04 v1.26 LaTeX kernel commands for general use (HO)
)
(/usr/local/texlive/2026/texmf-dist/tex/generic/infwarerr/infwarerr.sty
Package: infwarerr 2019/12/03 v1.5 Providing info/warning/error messages (HO)
)
(/usr/local/texlive/2026/texmf-dist/tex/latex/kvsetkeys/kvsetkeys.sty
Package: kvsetkeys 2022-10-05 v1.19 Key value parser (HO)
)
(/usr/local/texlive/2026/texmf-dist/tex/generic/kvdefinekeys/kvdefinekeys.sty
Package: kvdefinekeys 2019-12-19 v1.6 Define keys (HO)
)
(/usr/local/texlive/2026/texmf-dist/tex/generic/pdftexcmds/pdftexcmds.sty
Package: pdftexcmds 2020-06-27 v0.33 Utility functions of pdfTeX for LuaTeX (HO
)
Package pdftexcmds Info: \pdf@primitive is available.
Package pdftexcmds Info: \pdf@ifprimitive is available.
Package pdftexcmds Info: \pdfdraftmode not found.
)
(/usr/local/texlive/2026/texmf-dist/tex/generic/etexcmds/etexcmds.sty
Package: etexcmds 2019/12/15 v1.7 Avoid name clashes with e-TeX commands (HO)
)
(/usr/local/texlive/2026/texmf-dist/tex/latex/auxhook/auxhook.sty
Package: auxhook 2019-12-17 v1.6 Hooks for auxiliary files (HO)
)
Package zref Info: New property list: main on input line 767.
Package zref Info: New property: default on input line 768.
Package zref Info: New property: page on input line 769.
)
\c@abspage=\count347
Package zref Info: New property: abspage on input line 67.
)
(/usr/local/texlive/2026/texmf-dist/tex/latex/ocgx2/ocgbase.sty
Package: ocgbase 2024/09/15 v0.24 support package for ocgx2.sty
)
\@anim@box=\box74
\@anim@measbox=\box75
\@anim@tmpdima=\dimen287
\@anim@tmpdimb=\dimen288
\@anim@num=\count348
\@anim@curframe=\count349
\@anim@curframe@zb=\count350
\@anim@resizeflags=\count351
\@anim@skipfram=\count352
\@anim@mulframecnt=\count353
\@anim@@tmlnfile=\read2
\@anim@tmpcnt=\count354
\c@@anim@ltxcnt=\count355
\@anim@curlayer=\count356
\@anim@lineno=\count357
\@anim@curfield=\count358
\@anim@@resizeflags=\count359
)
(/usr/local/texlive/2026/texmf-dist/tex/latex/pgf/frontendlayer/tikz.sty
(/usr/local/texlive/2026/texmf-dist/tex/latex/pgf/basiclayer/pgf.sty
(/usr/local/texlive/2026/texmf-dist/tex/latex/pgf/utilities/pgfrcs.sty
(/usr/local/texlive/2026/texmf-dist/tex/generic/pgf/utilities/pgfutil-common.te
x
\pgfutil@everybye=\toks33
\pgfutil@tempdima=\dimen289
\pgfutil@tempdimb=\dimen290
)
(/usr/local/texlive/2026/texmf-dist/tex/generic/pgf/utilities/pgfutil-latex.def
\pgfutil@abb=\box76
) (/usr/local/texlive/2026/texmf-dist/tex/generic/pgf/utilities/pgfrcs.code.tex
(/usr/local/texlive/2026/texmf-dist/tex/generic/pgf/pgf.revision.tex)
Package: pgfrcs 2026-08-01 v3.1.12 (3.1.12)
))
Package: pgf 2026-08-01 v3.1.12 (3.1.12)

(/usr/local/texlive/2026/texmf-dist/tex/latex/pgf/basiclayer/pgfcore.sty
(/usr/local/texlive/2026/texmf-dist/tex/latex/pgf/systemlayer/pgfsys.sty
(/usr/local/texlive/2026/texmf-dist/tex/generic/pgf/systemlayer/pgfsys.code.tex
Package: pgfsys 2026-08-01 v3.1.12 (3.1.12)
(/usr/local/texlive/2026/texmf-dist/tex/generic/pgf/utilities/pgfkeys.code.tex
\pgfkeys@pathtoks=\toks34
\pgfkeys@temptoks=\toks35

(/usr/local/texlive/2026/texmf-dist/tex/generic/pgf/utilities/pgfkeyslibraryfil
tered.code.tex
\pgfkeys@tmptoks=\toks36
))
\pgf@x=\dimen291
\pgf@y=\dimen292
\pgf@xa=\dimen293
\pgf@ya=\dimen294
\pgf@xb=\dimen295
\pgf@yb=\dimen296
\pgf@xc=\dimen297
\pgf@yc=\dimen298
\pgf@xd=\dimen299
\pgf@yd=\dimen300
\w@pgf@writea=\write3
\r@pgf@reada=\read3
\c@pgf@counta=\count360
\c@pgf@countb=\count361
\c@pgf@countc=\count362
\c@pgf@countd=\count363
\t@pgf@toka=\toks37
\t@pgf@tokb=\toks38
\t@pgf@tokc=\toks39
\pgf@sys@id@count=\count364

(/usr/local/texlive/2026/texmf-dist/tex/generic/pgf/systemlayer/pgf.cfg
File: pgf.cfg 2026-08-01 v3.1.12 (3.1.12)
)
Driver file for pgf: pgfsys-xetex.def

(/usr/local/texlive/2026/texmf-dist/tex/generic/pgf/systemlayer/pgfsys-xetex.de
f
File: pgfsys-xetex.def 2026-08-01 v3.1.12 (3.1.12)

(/usr/local/texlive/2026/texmf-dist/tex/generic/pgf/systemlayer/pgfsys-dvipdfmx
.def
File: pgfsys-dvipdfmx.def 2026-08-01 v3.1.12 (3.1.12)

(/usr/local/texlive/2026/texmf-dist/tex/generic/pgf/systemlayer/pgfsys-common-p
df.def
File: pgfsys-common-pdf.def 2026-08-01 v3.1.12 (3.1.12)
)
\pgfsys@objnum=\count365
)))
(/usr/local/texlive/2026/texmf-dist/tex/generic/pgf/systemlayer/pgfsyssoftpath.
code.tex
File: pgfsyssoftpath.code.tex 2026-08-01 v3.1.12 (3.1.12)
\pgfsyssoftpath@smallbuffer@items=\count366
\pgfsyssoftpath@bigbuffer@items=\count367
)
(/usr/local/texlive/2026/texmf-dist/tex/generic/pgf/systemlayer/pgfsysprotocol.
code.tex
File: pgfsysprotocol.code.tex 2026-08-01 v3.1.12 (3.1.12)
))
(/usr/local/texlive/2026/texmf-dist/tex/generic/pgf/basiclayer/pgfcore.code.tex
Package: pgfcore 2026-08-01 v3.1.12 (3.1.12)
(/usr/local/texlive/2026/texmf-dist/tex/generic/pgf/math/pgfmath.code.tex
(/usr/local/texlive/2026/texmf-dist/tex/generic/pgf/math/pgfmathutil.code.tex)
(/usr/local/texlive/2026/texmf-dist/tex/generic/pgf/math/pgfmathparser.code.tex
\pgfmath@dimen=\dimen301
\pgfmath@count=\count368
\pgfmath@box=\box77
\pgfmath@toks=\toks40
\pgfmath@stack@operand=\toks41
\pgfmath@stack@operation=\toks42
)
(/usr/local/texlive/2026/texmf-dist/tex/generic/pgf/math/pgfmathfunctions.code.
tex)
(/usr/local/texlive/2026/texmf-dist/tex/generic/pgf/math/pgfmathfunctions.basic
.code.tex)
(/usr/local/texlive/2026/texmf-dist/tex/generic/pgf/math/pgfmathfunctions.trigo
nometric.code.tex)
(/usr/local/texlive/2026/texmf-dist/tex/generic/pgf/math/pgfmathfunctions.rando
m.code.tex)
(/usr/local/texlive/2026/texmf-dist/tex/generic/pgf/math/pgfmathfunctions.compa
rison.code.tex)
(/usr/local/texlive/2026/texmf-dist/tex/generic/pgf/math/pgfmathfunctions.base.
code.tex)
(/usr/local/texlive/2026/texmf-dist/tex/generic/pgf/math/pgfmathfunctions.round
.code.tex)
(/usr/local/texlive/2026/texmf-dist/tex/generic/pgf/math/pgfmathfunctions.misc.
code.tex)
(/usr/local/texlive/2026/texmf-dist/tex/generic/pgf/math/pgfmathfunctions.integ
erarithmetics.code.tex)
(/usr/local/texlive/2026/texmf-dist/tex/generic/pgf/math/pgfmathcalc.code.tex)
(/usr/local/texlive/2026/texmf-dist/tex/generic/pgf/math/pgfmathfloat.code.tex
\c@pgfmathroundto@lastzeros=\count369
)) (/usr/local/texlive/2026/texmf-dist/tex/generic/pgf/math/pgfint.code.tex)
(/usr/local/texlive/2026/texmf-dist/tex/generic/pgf/basiclayer/pgfcorepoints.co
de.tex
File: pgfcorepoints.code.tex 2026-08-01 v3.1.12 (3.1.12)
\pgf@picminx=\dimen302
\pgf@picmaxx=\dimen303
\pgf@picminy=\dimen304
\pgf@picmaxy=\dimen305
\pgf@pathminx=\dimen306
\pgf@pathmaxx=\dimen307
\pgf@pathminy=\dimen308
\pgf@pathmaxy=\dimen309
\pgf@xx=\dimen310
\pgf@xy=\dimen311
\pgf@yx=\dimen312
\pgf@yy=\dimen313
\pgf@zx=\dimen314
\pgf@zy=\dimen315
)
(/usr/local/texlive/2026/texmf-dist/tex/generic/pgf/basiclayer/pgfcorepathconst
ruct.code.tex
File: pgfcorepathconstruct.code.tex 2026-08-01 v3.1.12 (3.1.12)
\pgf@path@lastx=\dimen316
\pgf@path@lasty=\dimen317
)
(/usr/local/texlive/2026/texmf-dist/tex/generic/pgf/basiclayer/pgfcorepathusage
.code.tex
File: pgfcorepathusage.code.tex 2026-08-01 v3.1.12 (3.1.12)
\pgf@shorten@end@additional=\dimen318
\pgf@shorten@start@additional=\dimen319
)
(/usr/local/texlive/2026/texmf-dist/tex/generic/pgf/basiclayer/pgfcorescopes.co
de.tex
File: pgfcorescopes.code.tex 2026-08-01 v3.1.12 (3.1.12)
\pgfpic=\box78
\pgf@hbox=\box79
\pgf@layerbox@main=\box80
\pgf@picture@serial@count=\count370
)
(/usr/local/texlive/2026/texmf-dist/tex/generic/pgf/basiclayer/pgfcoregraphicst
ate.code.tex
File: pgfcoregraphicstate.code.tex 2026-08-01 v3.1.12 (3.1.12)
\pgflinewidth=\dimen320
)
(/usr/local/texlive/2026/texmf-dist/tex/generic/pgf/basiclayer/pgfcoretransform
ations.code.tex
File: pgfcoretransformations.code.tex 2026-08-01 v3.1.12 (3.1.12)
\pgf@pt@x=\dimen321
\pgf@pt@y=\dimen322
\pgf@pt@temp=\dimen323
)
(/usr/local/texlive/2026/texmf-dist/tex/generic/pgf/basiclayer/pgfcorequick.cod
e.tex
File: pgfcorequick.code.tex 2026-08-01 v3.1.12 (3.1.12)
)
(/usr/local/texlive/2026/texmf-dist/tex/generic/pgf/basiclayer/pgfcoreobjects.c
ode.tex
File: pgfcoreobjects.code.tex 2026-08-01 v3.1.12 (3.1.12)
)
(/usr/local/texlive/2026/texmf-dist/tex/generic/pgf/basiclayer/pgfcorepathproce
ssing.code.tex
File: pgfcorepathprocessing.code.tex 2026-08-01 v3.1.12 (3.1.12)
)
(/usr/local/texlive/2026/texmf-dist/tex/generic/pgf/basiclayer/pgfcorearrows.co
de.tex
File: pgfcorearrows.code.tex 2026-08-01 v3.1.12 (3.1.12)
\pgfarrowsep=\dimen324
)
(/usr/local/texlive/2026/texmf-dist/tex/generic/pgf/basiclayer/pgfcoreshade.cod
e.tex
File: pgfcoreshade.code.tex 2026-08-01 v3.1.12 (3.1.12)
\pgf@max=\dimen325
\pgf@sys@shading@range@num=\count371
\pgf@shadingcount=\count372
)
(/usr/local/texlive/2026/texmf-dist/tex/generic/pgf/basiclayer/pgfcoreimage.cod
e.tex
File: pgfcoreimage.code.tex 2026-08-01 v3.1.12 (3.1.12)
)
(/usr/local/texlive/2026/texmf-dist/tex/generic/pgf/basiclayer/pgfcoreexternal.
code.tex
File: pgfcoreexternal.code.tex 2026-08-01 v3.1.12 (3.1.12)
\pgfexternal@startupbox=\box81
)
(/usr/local/texlive/2026/texmf-dist/tex/generic/pgf/basiclayer/pgfcorelayers.co
de.tex
File: pgfcorelayers.code.tex 2026-08-01 v3.1.12 (3.1.12)
)
(/usr/local/texlive/2026/texmf-dist/tex/generic/pgf/basiclayer/pgfcoretranspare
ncy.code.tex
File: pgfcoretransparency.code.tex 2026-08-01 v3.1.12 (3.1.12)
)
(/usr/local/texlive/2026/texmf-dist/tex/generic/pgf/basiclayer/pgfcorepatterns.
code.tex
File: pgfcorepatterns.code.tex 2026-08-01 v3.1.12 (3.1.12)
)
(/usr/local/texlive/2026/texmf-dist/tex/generic/pgf/basiclayer/pgfcorerdf.code.
tex
File: pgfcorerdf.code.tex 2026-08-01 v3.1.12 (3.1.12)
)))
(/usr/local/texlive/2026/texmf-dist/tex/generic/pgf/modules/pgfmoduleshapes.cod
e.tex
File: pgfmoduleshapes.code.tex 2026-08-01 v3.1.12 (3.1.12)
\pgfnodeparttextbox=\box82
)
(/usr/local/texlive/2026/texmf-dist/tex/generic/pgf/modules/pgfmoduleplot.code.
tex
File: pgfmoduleplot.code.tex 2026-08-01 v3.1.12 (3.1.12)
)
(/usr/local/texlive/2026/texmf-dist/tex/latex/pgf/compatibility/pgfcomp-version
-0-65.sty
Package: pgfcomp-version-0-65 2026-08-01 v3.1.12 (3.1.12)
\pgf@nodesepstart=\dimen326
\pgf@nodesepend=\dimen327
)
(/usr/local/texlive/2026/texmf-dist/tex/latex/pgf/compatibility/pgfcomp-version
-1-18.sty
Package: pgfcomp-version-1-18 2026-08-01 v3.1.12 (3.1.12)
))
(/usr/local/texlive/2026/texmf-dist/tex/latex/pgf/utilities/pgffor.sty
(/usr/local/texlive/2026/texmf-dist/tex/latex/pgf/utilities/pgfkeys.sty
(/usr/local/texlive/2026/texmf-dist/tex/generic/pgf/utilities/pgfkeys.code.tex)
) (/usr/local/texlive/2026/texmf-dist/tex/latex/pgf/math/pgfmath.sty
(/usr/local/texlive/2026/texmf-dist/tex/generic/pgf/math/pgfmath.code.tex))
(/usr/local/texlive/2026/texmf-dist/tex/generic/pgf/utilities/pgffor.code.tex
Package: pgffor 2026-08-01 v3.1.12 (3.1.12)
\pgffor@iter=\dimen328
\pgffor@skip=\dimen329
\pgffor@stack=\toks43
\pgffor@toks=\toks44
))
(/usr/local/texlive/2026/texmf-dist/tex/generic/pgf/frontendlayer/tikz/tikz.cod
e.tex
Package: tikz 2026-08-01 v3.1.12 (3.1.12)

(/usr/local/texlive/2026/texmf-dist/tex/generic/pgf/libraries/pgflibraryplothan
dlers.code.tex
File: pgflibraryplothandlers.code.tex 2026-08-01 v3.1.12 (3.1.12)
\pgf@plot@mark@count=\count373
\pgfplotmarksize=\dimen330
)
\tikz@lastx=\dimen331
\tikz@lasty=\dimen332
\tikz@lastxsaved=\dimen333
\tikz@lastysaved=\dimen334
\tikz@lastmovetox=\dimen335
\tikz@lastmovetoy=\dimen336
\tikzleveldistance=\dimen337
\tikzsiblingdistance=\dimen338
\tikz@figbox=\box83
\tikz@figbox@bg=\box84
\tikz@tempbox=\box85
\tikz@tempbox@bg=\box86
\tikztreelevel=\count374
\tikznumberofchildren=\count375
\tikznumberofcurrentchild=\count376
\tikz@fig@count=\count377

(/usr/local/texlive/2026/texmf-dist/tex/generic/pgf/modules/pgfmodulematrix.cod
e.tex
File: pgfmodulematrix.code.tex 2026-08-01 v3.1.12 (3.1.12)
\pgfmatrixcurrentrow=\count378
\pgfmatrixcurrentcolumn=\count379
\pgf@matrix@numberofcolumns=\count380
)
\tikz@expandcount=\count381

(/usr/local/texlive/2026/texmf-dist/tex/generic/pgf/frontendlayer/tikz/librarie
s/tikzlibrarytopaths.code.tex
File: tikzlibrarytopaths.code.tex 2026-08-01 v3.1.12 (3.1.12)
)))
(/usr/local/texlive/2026/texmf-dist/tex/latex/jknapltx/mathrsfs.sty
Package: mathrsfs 1996/01/01 Math RSFS package v1.0 (jk)
\symrsfs=\mathgroup9
)
(/usr/local/texlive/2026/texmf-dist/tex/latex/fancyhdr/fancyhdr.sty
Package: fancyhdr 2025/02/07 v5.2 Extensive control of page headers and footers

\f@nch@headwidth=\skip70
\f@nch@offset@elh=\skip71
\f@nch@offset@erh=\skip72
\f@nch@offset@olh=\skip73
\f@nch@offset@orh=\skip74
\f@nch@offset@elf=\skip75
\f@nch@offset@erf=\skip76
\f@nch@offset@olf=\skip77
\f@nch@offset@orf=\skip78
\f@nch@height=\skip79
\f@nch@footalignment=\skip80
\f@nch@widthL=\skip81
\f@nch@widthC=\skip82
\f@nch@widthR=\skip83
\@temptokenb=\toks45
)
(/usr/local/texlive/2026/texmf-dist/tex/latex/csquotes/csquotes.sty
Package: csquotes 2026-05-19 v5.2p context-sensitive quotations (JAW)

(/usr/local/texlive/2026/texmf-dist/tex/latex/etoolbox/etoolbox.sty
Package: etoolbox 2025/10/02 v2.5m e-TeX tools for LaTeX (JAW)
\etb@tempcnta=\count382
)
\csq@reset=\count383
\csq@gtype=\count384
\csq@glevel=\count385
\csq@qlevel=\count386
\csq@maxlvl=\count387
\csq@tshold=\count388
\csq@ltx@everypar=\toks46

(/usr/local/texlive/2026/texmf-dist/tex/latex/csquotes/csquotes.def
File: csquotes.def 2026-05-19 v5.2p csquotes generic definitions (JAW)
)
Package csquotes Info: Trying to load configuration file 'csquotes.cfg'...
Package csquotes Info: ... configuration file loaded successfully.

(/usr/local/texlive/2026/texmf-dist/tex/latex/csquotes/csquotes.cfg
File: csquotes.cfg 
))
(/usr/local/texlive/2026/texmf-dist/tex/latex/enumitem/enumitem.sty
Package: enumitem 2025/02/06 v3.11 Customized lists
\labelindent=\skip84
\enit@outerparindent=\dimen339
\enit@toks=\toks47
\enit@inbox=\box87
\enit@count@id=\count389
\enitdp@description=\count390
)
(/usr/local/texlive/2026/texmf-dist/tex/latex/hyperref/hyperref.sty
Package: hyperref 2026-06-17 v7.01r Hypertext links for LaTeX

(/usr/local/texlive/2026/texmf-dist/tex/generic/pdfescape/pdfescape.sty
Package: pdfescape 2019/12/09 v1.15 Implements pdfTeX's escape features (HO)
)
(/usr/local/texlive/2026/texmf-dist/tex/latex/hycolor/hycolor.sty
Package: hycolor 2020-01-27 v1.10 Color options for hyperref/bookmark (HO)
)
(/usr/local/texlive/2026/texmf-dist/tex/latex/hyperref/nameref.sty
Package: nameref 2026-01-29 v2.58 Cross-referencing by name of section

(/usr/local/texlive/2026/texmf-dist/tex/latex/refcount/refcount.sty
Package: refcount 2019/12/15 v3.6 Data extraction from label references (HO)
)
(/usr/local/texlive/2026/texmf-dist/tex/generic/gettitlestring/gettitlestring.s
ty
Package: gettitlestring 2019/12/15 v1.6 Cleanup title references (HO)
 (/usr/local/texlive/2026/texmf-dist/tex/latex/kvoptions/kvoptions.sty
Package: kvoptions 2022-06-15 v3.15 Key value format for package options (HO)
))
\c@section@level=\count391
)
(/usr/local/texlive/2026/texmf-dist/tex/generic/stringenc/stringenc.sty
Package: stringenc 2019/11/29 v1.12 Convert strings between diff. encodings (HO
)
)
\@linkdim=\dimen340
\Hy@linkcounter=\count392
\Hy@pagecounter=\count393

(/usr/local/texlive/2026/texmf-dist/tex/latex/hyperref/pd1enc.def
File: pd1enc.def 2026-06-17 v7.01r Hyperref: PDFDocEncoding definition (HO)
)
(/usr/local/texlive/2026/texmf-dist/tex/generic/intcalc/intcalc.sty
Package: intcalc 2019/12/15 v1.3 Expandable calculations with integers (HO)
)
\Hy@SavedSpaceFactor=\count394

(/usr/local/texlive/2026/texmf-dist/tex/latex/hyperref/puenc.def
File: puenc.def 2026-06-17 v7.01r Hyperref: PDF Unicode definition (HO)

(/usr/local/texlive/2026/texmf-dist/tex/latex/greek-fontenc/puenc-greek.def
File: puenc-greek.def 2023-09-12 2.5 Greek LICRs for PDF strings

(/usr/local/texlive/2026/texmf-dist/tex/latex/greek-fontenc/greek-fontenc.def
File: greek-fontenc.def 2023-09-12 2.5 Common Greek font encoding definitions
)
LaTeX Encoding Info:    Redeclaring text command \textmu (encoding PU) on input
 line 179.
)
LaTeX Encoding Info:    Redeclaring text command \textohm (encoding PU) on inpu
t line 1176.
)
Package hyperref Info: Option `unicode' set `true' on input line 4070.
Package hyperref Info: Hyper figures OFF on input line 4199.
Package hyperref Info: Link nesting OFF on input line 4204.
Package hyperref Info: Hyper index ON on input line 4207.
Package hyperref Info: Plain pages OFF on input line 4214.
Package hyperref Info: Backreferencing OFF on input line 4219.
Package hyperref Info: Implicit mode ON; LaTeX internals redefined.
Package hyperref Info: Bookmarks ON on input line 4466.
\c@Hy@tempcnt=\count395
 (/usr/local/texlive/2026/texmf-dist/tex/latex/url/url.sty
\Urlmuskip=\muskip18
Package: url 2013/09/16  ver 3.4  Verb mode for urls, etc.
)
LaTeX Info: Redefining \url on input line 4805.
\XeTeXLinkMargin=\dimen341

(/usr/local/texlive/2026/texmf-dist/tex/generic/bitset/bitset.sty
Package: bitset 2019/12/09 v1.3 Handle bit-vector datatype (HO)

(/usr/local/texlive/2026/texmf-dist/tex/generic/bigintcalc/bigintcalc.sty
Package: bigintcalc 2019/12/15 v1.5 Expandable calculations on big integers (HO
)
))
\Fld@menulength=\count396
\Field@Width=\dimen342
\Fld@charsize=\dimen343
Package hyperref Info: Hyper figures OFF on input line 6091.
Package hyperref Info: Link nesting OFF on input line 6096.
Package hyperref Info: Hyper index ON on input line 6099.
Package hyperref Info: backreferencing OFF on input line 6106.
Package hyperref Info: Link coloring OFF on input line 6111.
Package hyperref Info: Link coloring with OCG OFF on input line 6116.
Package hyperref Info: PDF/A mode OFF on input line 6121.
\Hy@abspage=\count397
\c@Item=\count398
\c@Hfootnote=\count399
)
Package hyperref Info: Driver (autodetected): hxetex.

(/usr/local/texlive/2026/texmf-dist/tex/latex/hyperref/hxetex.def
File: hxetex.def 2026-06-17 v7.01r Hyperref driver for XeTeX
\pdfm@box=\box88
\c@Hy@AnnotLevel=\count400
\HyField@AnnotCount=\count401
\Fld@listcount=\count402
\c@bookmark@seq@number=\count403

(/usr/local/texlive/2026/texmf-dist/tex/latex/rerunfilecheck/rerunfilecheck.sty
Package: rerunfilecheck 2025-06-21 v1.11 Rerun checks for auxiliary files (HO)

(/usr/local/texlive/2026/texmf-dist/tex/generic/uniquecounter/uniquecounter.sty
Package: uniquecounter 2019/12/15 v1.4 Provide unlimited unique counter (HO)
)
Package uniquecounter Info: New unique counter `rerunfilecheck' on input line 2
84.
)
\Hy@SectionHShift=\skip85
)
Package hyperref Info: Option `colorlinks' set `true' on input line 55.
 (/usr/local/texlive/2026/texmf-dist/tex/latex/base/fontenc.sty
Package: fontenc 2025/07/18 v2.1d Standard LaTeX package
LaTeX Font Info:    Trying to load font information for T1+lmr on input line 11
6.

(/usr/local/texlive/2026/texmf-dist/tex/latex/lm/t1lmr.fd
File: t1lmr.fd 2015/05/01 v1.6.1 Font defs for Latin Modern
))
(/usr/local/texlive/2026/texmf-dist/tex/latex/bigfoot/perpage.sty
Package: perpage 2014/10/25 2.0 Reset/sort counters per page
)
\c@pp@a@footnote=\count404

(/usr/local/texlive/2026/texmf-dist/tex/latex/biblatex/biblatex.sty
Package: biblatex 2026/08/13 v3.22 programmable bibliographies (PK/MW)

(/usr/local/texlive/2026/texmf-dist/tex/latex/logreq/logreq.sty
Package: logreq 2010/08/04 v1.0 xml request logger
\lrq@indent=\count405

(/usr/local/texlive/2026/texmf-dist/tex/latex/logreq/logreq.def
File: logreq.def 2010/08/04 v1.0 logreq spec v1.0
))
\c@tabx@nest=\count406
\c@listtotal=\count407
\c@listcount=\count408
\c@liststart=\count409
\c@liststop=\count410
\c@citecount=\count411
\c@citetotal=\count412
\c@multicitecount=\count413
\c@multicitetotal=\count414
\c@instcount=\count415
\c@maxnames=\count416
\c@minnames=\count417
\c@maxitems=\count418
\c@minitems=\count419
\c@citecounter=\count420
\c@maxcitecounter=\count421
\c@savedcitecounter=\count422
\c@uniquelist=\count423
\c@uniquename=\count424
\c@refsection=\count425
\c@refsegment=\count426
\c@maxextratitle=\count427
\c@maxextratitleyear=\count428
\c@maxextraname=\count429
\c@maxextradate=\count430
\c@maxextraalpha=\count431
\c@abbrvpenalty=\count432
\c@highnamepenalty=\count433
\c@lownamepenalty=\count434
\c@maxparens=\count435
\c@parenlevel=\count436
\blx@tempcnta=\count437
\blx@tempcntb=\count438
\blx@tempcntc=\count439
\c@blx@maxsection=\count440
\blx@maxsegment@0=\count441
\blx@notetype=\count442
\blx@parenlevel@text=\count443
\blx@parenlevel@foot=\count444
\blx@sectionciteorder@0=\count445
\blx@sectionciteorderinternal@0=\count446
\blx@entrysetcounter=\count447
\blx@biblioinstance=\count448
\labelnumberwidth=\skip86
\labelalphawidth=\skip87
\biblabelsep=\skip88
\bibitemsep=\skip89
\bibnamesep=\skip90
\bibinitsep=\skip91
\bibparsep=\skip92
\bibhang=\skip93
\blx@bcfin=\read4
\blx@bcfout=\write4
\blx@langwohyphens=\language91
\c@mincomprange=\count449
\c@maxcomprange=\count450
\c@mincompwidth=\count451
Package biblatex Info: Trying to load biblatex default data model...
Package biblatex Info: ... file 'blx-dm.def' found.

(/usr/local/texlive/2026/texmf-dist/tex/latex/biblatex/blx-dm.def
File: blx-dm.def 2026/08/13 v3.22 biblatex datamodel (PK/MW)
)
Package biblatex Info: Trying to load biblatex style data model...
Package biblatex Info: ... file 'gb7714-2015.dbx' not found.
Package biblatex Info: Trying to load biblatex custom data model...
Package biblatex Info: ... file 'biblatex-dm.cfg' not found.
\c@afterword=\count452
\c@savedafterword=\count453
\c@annotator=\count454
\c@savedannotator=\count455
\c@author=\count456
\c@savedauthor=\count457
\c@bookauthor=\count458
\c@savedbookauthor=\count459
\c@commentator=\count460
\c@savedcommentator=\count461
\c@editor=\count462
\c@savededitor=\count463
\c@editora=\count464
\c@savededitora=\count465
\c@editorb=\count466
\c@savededitorb=\count467
\c@editorc=\count468
\c@savededitorc=\count469
\c@foreword=\count470
\c@savedforeword=\count471
\c@holder=\count472
\c@savedholder=\count473
\c@introduction=\count474
\c@savedintroduction=\count475
\c@namea=\count476
\c@savednamea=\count477
\c@nameb=\count478
\c@savednameb=\count479
\c@namec=\count480
\c@savednamec=\count481
\c@translator=\count482
\c@savedtranslator=\count483
\c@shortauthor=\count484
\c@savedshortauthor=\count485
\c@shorteditor=\count486
\c@savedshorteditor=\count487
\c@labelname=\count488
\c@savedlabelname=\count489
\c@institution=\count490
\c@savedinstitution=\count491
\c@lista=\count492
\c@savedlista=\count493
\c@listb=\count494
\c@savedlistb=\count495
\c@listc=\count496
\c@savedlistc=\count497
\c@listd=\count498
\c@savedlistd=\count499
\c@liste=\count500
\c@savedliste=\count501
\c@listf=\count502
\c@savedlistf=\count503
\c@location=\count504
\c@savedlocation=\count505
\c@organization=\count506
\c@savedorganization=\count507
\c@origlocation=\count508
\c@savedoriglocation=\count509
\c@origpublisher=\count510
\c@savedorigpublisher=\count511
\c@publisher=\count512
\c@savedpublisher=\count513
\c@language=\count514
\c@savedlanguage=\count515
\c@origlanguage=\count516
\c@savedoriglanguage=\count517
\c@pageref=\count518
\c@savedpageref=\count519
\shorthandwidth=\skip94
\shortjournalwidth=\skip95
\shortserieswidth=\skip96
\shorttitlewidth=\skip97
\shortauthorwidth=\skip98
\shorteditorwidth=\skip99
\locallabelnumberwidth=\skip100
\locallabelalphawidth=\skip101
\localshorthandwidth=\skip102
\localshortjournalwidth=\skip103
\localshortserieswidth=\skip104
\localshorttitlewidth=\skip105
\localshortauthorwidth=\skip106
\localshorteditorwidth=\skip107
Package biblatex Info: Trying to load enhanced support for Unicode engines...
Package biblatex Info: ... file 'blx-unicode.def' found.

(/usr/local/texlive/2026/texmf-dist/tex/latex/biblatex/blx-unicode.def)
Package biblatex Info: Trying to load compatibility code...
Package biblatex Info: ... file 'blx-compat.def' found.

(/usr/local/texlive/2026/texmf-dist/tex/latex/biblatex/blx-compat.def
File: blx-compat.def 2026/08/13 v3.22 biblatex compatibility (PK/MW)
)
Package biblatex Info: Trying to load generic definitions...
Package biblatex Info: ... file 'biblatex.def' found.

(/usr/local/texlive/2026/texmf-dist/tex/latex/biblatex/biblatex.def
File: biblatex.def 2026/08/13 v3.22 biblatex compatibility (PK/MW)
\c@textcitecount=\count520
\c@textcitetotal=\count521
\c@textcitemaxnames=\count522
\c@biburlbigbreakpenalty=\count523
\c@biburlbreakpenalty=\count524
\c@biburlnumpenalty=\count525
\c@biburlucpenalty=\count526
\c@biburllcpenalty=\count527
\biburlbigskip=\muskip19
\biburlnumskip=\muskip20
\biburlucskip=\muskip21
\biburllcskip=\muskip22
\c@smartand=\count528
)
Package biblatex Info: Trying to load bibliography style 'gb7714-2015'...
Package biblatex Info: ... file 'gb7714-2015.bbx' found.

(/usr/local/texlive/2026/texmf-dist/tex/latex/biblatex-gb7714-2015/gb7714-2015.
bbx
File: gb7714-2015.bbx 2026/06/10 v1.1xbiblatex bibliography style
Package biblatex Info: Trying to load bibliography style 'numeric-comp'...
Package biblatex Info: ... file 'numeric-comp.bbx' found.
 (/usr/local/texlive/2026/texmf-dist/tex/latex/biblatex/bbx/numeric-comp.bbx
File: numeric-comp.bbx 2026/08/13 v3.22 biblatex bibliography style (PK/MW)
Package biblatex Info: Trying to load bibliography style 'numeric'...
Package biblatex Info: ... file 'numeric.bbx' found.
(/usr/local/texlive/2026/texmf-dist/tex/latex/biblatex/bbx/numeric.bbx
File: numeric.bbx 2026/08/13 v3.22 biblatex bibliography style (PK/MW)
Package biblatex Info: Trying to load bibliography style 'standard'...
Package biblatex Info: ... file 'standard.bbx' found.

(/usr/local/texlive/2026/texmf-dist/tex/latex/biblatex/bbx/standard.bbx
File: standard.bbx 2026/08/13 v3.22 biblatex bibliography style (PK/MW)
\c@bbx:relatedcount=\count529
\c@bbx:relatedtotal=\count530
)))
(/usr/local/texlive/2026/texmf-dist/tex/generic/xstring/xstring.sty
(/usr/local/texlive/2026/texmf-dist/tex/generic/xstring/xstring.tex
\xs_counta=\count531
\xs_countb=\count532
)
Package: xstring 2023/08/22 v1.86 String manipulations (CT)
)
\BracketLift=\skip108
\footbibmargin=\skip109
\footbiblabelsep=\skip110
\c@gbnamefmtcase=\count533
\c@gbalignlabel=\count534
\c@gbcitelocalcase=\count535
\c@gbbiblocalcase=\count536
\c@lanordernum=\count537
\bibitemindent=\skip111
\biblabelextend=\skip112
\bibextramargin=\skip113
Package biblatex Info: Delimiter 'finalnamedelim' in context '' already defined
, overwriting.
)
Package biblatex Info: Trying to load citation style 'gb7714-2015'...
Package biblatex Info: ... file 'gb7714-2015.cbx' found.

(/usr/local/texlive/2026/texmf-dist/tex/latex/biblatex-gb7714-2015/gb7714-2015.
cbx
File: gb7714-2015.cbx a biblatex citation style for GB/T 7714-2015
Package biblatex Info: Trying to load citation style 'numeric-comp'...
Package biblatex Info: ... file 'numeric-comp.cbx' found.
 (/usr/local/texlive/2026/texmf-dist/tex/latex/biblatex/cbx/numeric-comp.cbx
File: numeric-comp.cbx 2026/08/13 v3.22 biblatex citation style (PK/MW)
\c@cbx@tempcnta=\count538
\c@cbx@tempcntb=\count539
\c@cbx@tempcntc=\count540
\c@cbx@tempcntd=\count541
Package biblatex Info: Redefining '\cite'.
Package biblatex Info: Redefining '\parencite'.
Package biblatex Info: Redefining '\footcite'.
Package biblatex Info: Redefining '\footcitetext'.
Package biblatex Info: Redefining '\smartcite'.
Package biblatex Info: Redefining '\supercite'.
Package biblatex Info: Redefining '\textcite'.
Package biblatex Info: Redefining '\textcites'.
Package biblatex Info: Redefining '\cites'.
Package biblatex Info: Redefining '\parencites'.
Package biblatex Info: Redefining '\smartcites'.
)
\c@gbrefcompress=\count542
Package biblatex Info: Redefining '\cite'.
Package biblatex Info: Redefining '\parencite'.
Package biblatex Info: Redefining '\cbx@textcite'.
)
Package biblatex Info: Trying to load configuration file...
Package biblatex Info: ... file 'biblatex.cfg' found.
 (/usr/local/texlive/2026/texmf-dist/tex/latex/biblatex/biblatex.cfg
File: biblatex.cfg 
)
Package biblatex Info: XeTeX detected.
(biblatex)             Assuming input encoding 'utf8'.
Package biblatex Info: Document encoding is UTF8 ....
Package biblatex Info: ... and expl3
(biblatex)             2026-08-10 L3 programming layer (loader) 
(biblatex)             is new enough (at least 2020/04/06),
(biblatex)             setting 'casechanger=expl3'.

(/usr/local/texlive/2026/texmf-dist/tex/latex/biblatex/blx-case-expl3.sty
(/usr/local/texlive/2026/texmf-dist/tex/latex/l3packages/xparse/xparse.sty
Package: xparse 2025-10-09 L3 Experimental document command parser
)
Package: blx-case-expl3 2026/08/13 v3.22 expl3 case changing code for biblatex
))
(/usr/local/texlive/2026/texmf-dist/tex/latex/imakeidx/imakeidx.sty
Package: imakeidx 2016/10/15 v1.3e Package for typesetting indices in a synchro
nous mode

(/usr/local/texlive/2026/texmf-dist/tex/latex/xkeyval/xkeyval.sty
Package: xkeyval 2025/11/04 v2.10 package option processing (HA)

(/usr/local/texlive/2026/texmf-dist/tex/generic/xkeyval/xkeyval.tex
(/usr/local/texlive/2026/texmf-dist/tex/generic/xkeyval/xkvutils.tex
\XKV@toks=\toks48
\XKV@tempa@toks=\toks49
\XKV@tempb@toks=\toks50
)
\XKV@depth=\count543
File: xkeyval.tex 2014/12/03 v2.7a key=value parser (HA)
))
(/usr/local/texlive/2026/texmf-dist/tex/latex/tools/multicol.sty
Package: multicol 2025/10/21 v2.0b multicolumn formatting (FMi)
\c@tracingmulticols=\count544
\mult@box=\box89
\multicol@leftmargin=\dimen344
\c@unbalance=\count545
\c@collectmore=\count546
\doublecol@number=\count547
\multicoltolerance=\count548
\multicolpretolerance=\count549
\full@width=\dimen345
\page@free=\dimen346
\premulticols=\dimen347
\postmulticols=\dimen348
\multicolsep=\skip114
\multicolbaselineskip=\skip115
\partial@page=\box90
\last@line=\box91
\mc@boxedresult=\box92
\maxbalancingoverflow=\dimen349
\mult@rightbox=\box93
\mult@grightbox=\box94
\mult@firstbox=\box95
\mult@gfirstbox=\box96
\@tempa=\box97
\@tempa=\box98
\@tempa=\box99
\@tempa=\box100
\@tempa=\box101
\@tempa=\box102
\@tempa=\box103
\@tempa=\box104
\@tempa=\box105
\@tempa=\box106
\@tempa=\box107
\@tempa=\box108
\@tempa=\box109
\@tempa=\box110
\@tempa=\box111
\@tempa=\box112
\@tempa=\box113
\@tempa=\box114
\@tempa=\box115
\@tempa=\box116
\@tempa=\box117
\@tempa=\box118
\@tempa=\box119
\@tempa=\box120
\@tempa=\box121
\@tempa=\box122
\@tempa=\box123
\@tempa=\box124
\@tempa=\box125
\@tempa=\box126
\@tempa=\box127
\@tempa=\box128
\@tempa=\box129
\@tempa=\box130
\@tempa=\box131
\@tempa=\box132
\c@minrows=\count550
\c@columnbadness=\count551
\c@finalcolumnbadness=\count552
\last@try=\dimen350
\multicolovershoot=\dimen351
\multicolundershoot=\dimen352
\mult@nat@firstbox=\box133
\colbreak@box=\box134
\mc@col@check@num=\count553
\g__mc_curr_col_int=\count554
))
\main@idxfile=\write5
\openout5 = `main.idx'.


Writing index file main.idx
(/usr/local/texlive/2026/texmf-dist/tex/latex/listings/listings.sty
\lst@mode=\count555
\lst@gtempboxa=\box135
\lst@token=\toks51
\lst@length=\count556
\lst@currlwidth=\dimen353
\lst@column=\count557
\lst@pos=\count558
\lst@lostspace=\dimen354
\lst@width=\dimen355
\lst@newlines=\count559
\lst@lineno=\count560
\lst@maxwidth=\dimen356

(/usr/local/texlive/2026/texmf-dist/tex/latex/listings/lstpatch.sty
File: lstpatch.sty 2025/11/14 1.11b (Carsten Heinz)
)
(/usr/local/texlive/2026/texmf-dist/tex/latex/listings/lstmisc.sty
File: lstmisc.sty 2025/11/14 1.11b (Carsten Heinz)
\c@lstnumber=\count561
\lst@skipnumbers=\count562
\lst@framebox=\box136
)
(/usr/local/texlive/2026/texmf-dist/tex/latex/listings/listings.cfg
File: listings.cfg 2025/11/14 1.11b listings configuration
))
Package: listings 2025/11/14 1.11b (Carsten Heinz)

(/usr/local/texlive/2026/texmf-dist/tex/xelatex/xecjk/xeCJK-listings.sty
Package: xeCJK-listings 2026/08/21 v3.10.6 xeCJK patch file for listings
\l__xeCJK_listings_max_char_int=\count563
\l__xeCJK_listings_flag_int=\count564
)
(/usr/local/texlive/2026/texmf-dist/tex/latex/setspace/setspace.sty
Package: setspace 2022/12/04 v6.7b set line spacing
)
(/usr/local/texlive/2026/texmf-dist/tex/latex/amscls/amsthm.sty
Package: amsthm 2020/05/29 v2.20.6
\thm@style=\toks52
\thm@bodyfont=\toks53
\thm@headfont=\toks54
\thm@notefont=\toks55
\thm@headpunct=\toks56
\thm@preskip=\skip116
\thm@postskip=\skip117
\thm@headsep=\skip118
\dth@everypar=\toks57
)
\c@definition=\count565
\c@note=\count566
\c@fact=\count567
\c@proposition=\count568
\c@theorem=\count569
\c@lemma=\count570
\c@corollary=\count571
\c@example=\count572

(/usr/local/texlive/2026/texmf-dist/tex/latex/chngcntr/chngcntr.sty
Package: chngcntr 2018/04/09 v1.1a change counter resetting
Package chngcntr Info: \counterwithout already defined.
(chngcntr)             Quitting chngcntr on input line 21.
)
(/usr/local/texlive/2026/texmf-dist/tex/latex/subfiles/subfiles.sty
Package: subfiles 2020/11/14 v2.2 Multi-file projects (package)

(/usr/local/texlive/2026/texmf-dist/tex/latex/import/import.sty
Package: import 2020/04/01  v 6.2
))
(/usr/local/texlive/2026/texmf-dist/tex/xelatex/xecjk/xunicode-addon.sty
Package: xunicode-addon 2026/08/21 v3.10.6 addon file for xunicode
\l__xunadd_tmp_coffin=\box137
\l__xunadd_circle_coffin=\box138
\l_xunadd_slot_int=\count573
)
(/usr/local/texlive/2026/texmf-dist/tex/xelatex/xunicode/xunicode.sty
File: xunicode.sty 2011/09/09 v0.981 provides access to latin accents and many 
other characters in Unicode lower plane

*** Reloading Xunicode for encoding 'TU' ***
LaTeX Encoding Info:    Redeclaring text command \textoverh (encoding TU) on in
put line 400.
LaTeX Encoding Info:    Redeclaring text command \textoverheng (encoding TU) on
 input line 402.
LaTeX Encoding Info:    Redeclaring text command \textoverj (encoding TU) on in
put line 404.
LaTeX Encoding Info:    Redeclaring text command \textoverh (encoding TU) on in
put line 406.
LaTeX Encoding Info:    Redeclaring text command \textoverw (encoding TU) on in
put line 408.
LaTeX Encoding Info:    Redeclaring text command \textovery (encoding TU) on in
put line 411.
LaTeX Encoding Info:    Redeclaring text command \textspleftarrow (encoding TU)
 on input line 417.
LaTeX Encoding Info:    Redeclaring text command \textsbleftarrow (encoding TU)
 on input line 423.
LaTeX Encoding Info:    Redeclaring text command \textgravedbl (encoding TU) on
 input line 428.
LaTeX Encoding Info:    Redeclaring text command \texttildebelow (encoding TU) 
on input line 429.
LaTeX Encoding Info:    Redeclaring text command \textopencorner (encoding TU) 
on input line 431.
LaTeX Encoding Info:    Redeclaring text command \textcorner (encoding TU) on i
nput line 432.
LaTeX Encoding Info:    Redeclaring text command \textsubdoublearrow (encoding 
TU) on input line 440.
LaTeX Encoding Info:    Redeclaring text command \textrptr (encoding TU) on inp
ut line 441.
LaTeX Encoding Info:    Redeclaring text command \textsubrightarrow (encoding T
U) on input line 442.
LaTeX Encoding Info:    Redeclaring text command \` (encoding TU) on input line
 445.
LaTeX Encoding Info:    Redeclaring text command \capitalgrave (encoding TU) on
 input line 447.
LaTeX Encoding Info:    Redeclaring text command \' (encoding TU) on input line
 448.
LaTeX Encoding Info:    Redeclaring text command \capitalacute (encoding TU) on
 input line 450.
LaTeX Encoding Info:    Redeclaring text command \^ (encoding TU) on input line
 451.
LaTeX Encoding Info:    Redeclaring text command \capitalcircumflex (encoding T
U) on input line 453.
LaTeX Encoding Info:    Redeclaring text command \~ (encoding TU) on input line
 454.
LaTeX Encoding Info:    Redeclaring text command \capitaltilde (encoding TU) on
 input line 456.
LaTeX Encoding Info:    Redeclaring text command \= (encoding TU) on input line
 457.
LaTeX Encoding Info:    Redeclaring text command \capitalmacron (encoding TU) o
n input line 459.
LaTeX Encoding Info:    Redeclaring text command \textoverline (encoding OT1) o
n input line 460.
LaTeX Encoding Info:    Redeclaring text command \textoverline (encoding TU) on
 input line 461.
LaTeX Encoding Info:    Redeclaring text command \u (encoding TU) on input line
 462.
LaTeX Encoding Info:    Redeclaring text command \capitalbreve (encoding TU) on
 input line 464.
LaTeX Encoding Info:    Redeclaring text command \. (encoding TU) on input line
 465.
LaTeX Encoding Info:    Redeclaring text command \capitaldotaccent (encoding TU
) on input line 467.
LaTeX Encoding Info:    Redeclaring text command \" (encoding TU) on input line
 468.
LaTeX Encoding Info:    Redeclaring text command \capitaldieresis (encoding TU)
 on input line 470.
LaTeX Encoding Info:    Redeclaring text command \m (encoding TU) on input line
 472.
LaTeX Encoding Info:    Redeclaring text command \texthookabove (encoding OT1) 
on input line 473.
LaTeX Encoding Info:    Redeclaring text command \texthookabove (encoding TU) o
n input line 474.
LaTeX Encoding Info:    Redeclaring text command \r (encoding TU) on input line
 475.
LaTeX Encoding Info:    Redeclaring text command \capitalring (encoding TU) on 
input line 477.
LaTeX Encoding Info:    Redeclaring text command \H (encoding TU) on input line
 478.
LaTeX Encoding Info:    Redeclaring text command \capitalhungarumlaut (encoding
 TU) on input line 480.
LaTeX Encoding Info:    Redeclaring text command \v (encoding TU) on input line
 481.
LaTeX Encoding Info:    Redeclaring text command \capitalcaron (encoding TU) on
 input line 483.
LaTeX Encoding Info:    Redeclaring text command \textvbaraccent (encoding TU) 
on input line 485.
LaTeX Encoding Info:    Redeclaring text command \textdoublevbaraccent (encodin
g TU) on input line 487.
LaTeX Encoding Info:    Redeclaring text command \U (encoding TU) on input line
 489.
LaTeX Encoding Info:    Redeclaring text command \textdoublegrave (encoding TU)
 on input line 491.
LaTeX Encoding Info:    Redeclaring text command \G (encoding TU) on input line
 493.
LaTeX Encoding Info:    Redeclaring text command \textdotbreve (encoding TU) on
 input line 495.
LaTeX Encoding Info:    Redeclaring text command \textroundcap (encoding TU) on
 input line 497.
LaTeX Encoding Info:    Redeclaring text command \newtie (encoding TU) on input
 line 499.
LaTeX Encoding Info:    Redeclaring text command \capitalnewtie (encoding TU) o
n input line 501.
LaTeX Encoding Info:    Redeclaring text command \textturncommaabove (encoding 
OT1) on input line 506.
LaTeX Encoding Info:    Redeclaring text command \textturncommaabove (encoding 
TU) on input line 507.
LaTeX Encoding Info:    Redeclaring text command \textcommaabove (encoding OT1)
 on input line 508.
LaTeX Encoding Info:    Redeclaring text command \textcommaabove (encoding TU) 
on input line 509.
LaTeX Encoding Info:    Redeclaring text command \textrevcommaabove (encoding O
T1) on input line 510.
LaTeX Encoding Info:    Redeclaring text command \textrevcommaabove (encoding T
U) on input line 511.
LaTeX Encoding Info:    Redeclaring text command \textcommaabover (encoding OT1
) on input line 512.
LaTeX Encoding Info:    Redeclaring text command \textcommaabover (encoding TU)
 on input line 513.
LaTeX Encoding Info:    Redeclaring text command \textsubgrave (encoding TU) on
 input line 515.
LaTeX Encoding Info:    Redeclaring text command \textsubacute (encoding TU) on
 input line 517.
LaTeX Encoding Info:    Redeclaring text command \textadvancing (encoding TU) o
n input line 519.
LaTeX Encoding Info:    Redeclaring text command \textretracting (encoding TU) 
on input line 521.
LaTeX Encoding Info:    Redeclaring text command \textlangleabove (encoding OT1
) on input line 522.
LaTeX Encoding Info:    Redeclaring text command \textlangleabove (encoding TU)
 on input line 523.
LaTeX Encoding Info:    Redeclaring text command \textrighthorn (encoding OT1) 
on input line 524.
LaTeX Encoding Info:    Redeclaring text command \textrighthorn (encoding TU) o
n input line 525.
LaTeX Encoding Info:    Redeclaring text command \textsublhalfring (encoding TU
) on input line 527.
LaTeX Encoding Info:    Redeclaring text command \textraising (encoding TU) on 
input line 529.
LaTeX Encoding Info:    Redeclaring text command \textlowering (encoding TU) on
 input line 531.
LaTeX Encoding Info:    Redeclaring text command \textsubplus (encoding TU) on 
input line 533.
LaTeX Encoding Info:    Redeclaring text command \textsubminus (encoding TU) on
 input line 535.
LaTeX Encoding Info:    Redeclaring text command \textpalhookbelow (encoding OT
1) on input line 536.
LaTeX Encoding Info:    Redeclaring text command \textpalhookbelow (encoding TU
) on input line 537.
LaTeX Encoding Info:    Redeclaring text command \M (encoding TU) on input line
 539.
LaTeX Encoding Info:    Redeclaring text command \textrethookbelow (encoding OT
1) on input line 540.
LaTeX Encoding Info:    Redeclaring text command \textrethookbelow (encoding TU
) on input line 541.
LaTeX Encoding Info:    Redeclaring text command \d (encoding TU) on input line
 542.
LaTeX Encoding Info:    Redeclaring text command \textsubdot (encoding TU) on i
nput line 544.
LaTeX Encoding Info:    Redeclaring text command \textsubumlaut (encoding TU) o
n input line 546.
LaTeX Encoding Info:    Redeclaring text command \textsubring (encoding TU) on 
input line 548.
LaTeX Encoding Info:    Redeclaring text command \textcommabelow (encoding OT1)
 on input line 549.
LaTeX Encoding Info:    Redeclaring text command \textcommabelow (encoding TU) 
on input line 550.
LaTeX Encoding Info:    Redeclaring text command \c (encoding TU) on input line
 551.
LaTeX Encoding Info:    Redeclaring text command \capitalcedilla (encoding TU) 
on input line 553.
LaTeX Encoding Info:    Redeclaring text command \k (encoding TU) on input line
 554.
LaTeX Encoding Info:    Redeclaring text command \capitalogonek (encoding TU) o
n input line 556.
LaTeX Encoding Info:    Redeclaring text command \textpolhook (encoding TU) on 
input line 558.
LaTeX Encoding Info:    Redeclaring text command \textsyllabic (encoding TU) on
 input line 560.
LaTeX Encoding Info:    Redeclaring text command \textsubbridge (encoding TU) o
n input line 562.
LaTeX Encoding Info:    Redeclaring text command \textsubw (encoding TU) on inp
ut line 565.
LaTeX Encoding Info:    Redeclaring text command \textsubwedge (encoding TU) on
 input line 567.
LaTeX Encoding Info:    Redeclaring text command \textsubcircum (encoding TU) o
n input line 569.
LaTeX Encoding Info:    Redeclaring text command \textundertie (encoding TU) on
 input line 571.
LaTeX Encoding Info:    Redeclaring text command \textsubarch (encoding TU) on 
input line 573.
LaTeX Encoding Info:    Redeclaring text command \textsubtilde (encoding TU) on
 input line 576.
LaTeX Encoding Info:    Redeclaring text command \textsubbar (encoding TU) on i
nput line 578.
LaTeX Encoding Info:    Redeclaring text command \b (encoding TU) on input line
 579.
LaTeX Encoding Info:    Redeclaring text command \subdoublebar (encoding TU) on
 input line 581.
LaTeX Encoding Info:    Redeclaring text command \textsuperimposetilde (encodin
g OT1) on input line 583.
LaTeX Encoding Info:    Redeclaring text command \textsuperimposetilde (encodin
g TU) on input line 584.
LaTeX Encoding Info:    Redeclaring text command \B (encoding TU) on input line
 586.
LaTeX Encoding Info:    Redeclaring text command \textsstrokethru (encoding OT1
) on input line 587.
LaTeX Encoding Info:    Redeclaring text command \textsstrokethru (encoding TU)
 on input line 588.
LaTeX Encoding Info:    Redeclaring text command \textlstrokethru (encoding OT1
) on input line 589.
LaTeX Encoding Info:    Redeclaring text command \textlstrokethru (encoding TU)
 on input line 590.
LaTeX Encoding Info:    Redeclaring text command \textsstrikethru (encoding OT1
) on input line 591.
LaTeX Encoding Info:    Redeclaring text command \textsstrikethru (encoding TU)
 on input line 592.
LaTeX Encoding Info:    Redeclaring text command \textlstrikethru (encoding OT1
) on input line 593.
LaTeX Encoding Info:    Redeclaring text command \textlstrikethru (encoding TU)
 on input line 594.
LaTeX Encoding Info:    Redeclaring text command \textsubrhalfring (encoding TU
) on input line 596.
LaTeX Encoding Info:    Redeclaring text command \textinvsubbridge (encoding TU
) on input line 598.
LaTeX Encoding Info:    Redeclaring text command \textsubsquare (encoding TU) o
n input line 600.
LaTeX Encoding Info:    Redeclaring text command \textseagull (encoding TU) on 
input line 602.
LaTeX Encoding Info:    Redeclaring text command \textovercross (encoding TU) o
n input line 604.
LaTeX Encoding Info:    Redeclaring text command \textdoubleoverline (encoding 
TU) on input line 607.
LaTeX Encoding Info:    Redeclaring text command \overbridge (encoding TU) on i
nput line 615.
LaTeX Encoding Info:    Redeclaring text command \subdoublevert (encoding TU) o
n input line 620.
LaTeX Encoding Info:    Redeclaring text command \subcorner (encoding TU) on in
put line 622.
LaTeX Encoding Info:    Redeclaring text command \crtilde (encoding TU) on inpu
t line 626.
LaTeX Encoding Info:    Redeclaring text command \dottedtilde (encoding TU) on 
input line 628.
LaTeX Encoding Info:    Redeclaring text command \doubletilde (encoding TU) on 
input line 630.
LaTeX Encoding Info:    Redeclaring text command \spreadlips (encoding TU) on i
nput line 632.
LaTeX Encoding Info:    Redeclaring text command \whistle (encoding TU) on inpu
t line 634.
LaTeX Encoding Info:    Redeclaring text command \textgraphemejoin (encoding OT
1) on input line 635.
LaTeX Encoding Info:    Redeclaring text command \textgraphemejoin (encoding TU
) on input line 636.
LaTeX Encoding Info:    Redeclaring text command \textrightarrowhead (encoding 
OT1) on input line 637.
LaTeX Encoding Info:    Redeclaring text command \textrightarrowhead (encoding 
TU) on input line 638.
LaTeX Encoding Info:    Redeclaring text command \textlefthalfring (encoding OT
1) on input line 639.
LaTeX Encoding Info:    Redeclaring text command \textlefthalfring (encoding TU
) on input line 640.
LaTeX Encoding Info:    Redeclaring text command \sublptr (encoding TU) on inpu
t line 644.
LaTeX Encoding Info:    Redeclaring text command \subrptr (encoding TU) on inpu
t line 646.
LaTeX Encoding Info:    Redeclaring text command \textrightuparrowhead (encodin
g OT1) on input line 647.
LaTeX Encoding Info:    Redeclaring text command \textrightuparrowhead (encodin
g TU) on input line 648.
LaTeX Encoding Info:    Redeclaring text command \textrighthalfring (encoding O
T1) on input line 649.
LaTeX Encoding Info:    Redeclaring text command \textrighthalfring (encoding T
U) on input line 650.
LaTeX Encoding Info:    Redeclaring text command \textdoublebrevebelow (encodin
g TU) on input line 656.
LaTeX Encoding Info:    Redeclaring text command \textdoublebreve (encoding OT1
) on input line 657.
LaTeX Encoding Info:    Redeclaring text command \textdoublebreve (encoding TU)
 on input line 658.
LaTeX Encoding Info:    Redeclaring text command \textdoublemacron (encoding OT
1) on input line 659.
LaTeX Encoding Info:    Redeclaring text command \textdoublemacron (encoding TU
) on input line 660.
LaTeX Encoding Info:    Redeclaring text command \textdoublemacronbelow (encodi
ng OT1) on input line 661.
LaTeX Encoding Info:    Redeclaring text command \textdoublemacronbelow (encodi
ng TU) on input line 662.
LaTeX Encoding Info:    Redeclaring text command \textdoubletilde (encoding OT1
) on input line 663.
LaTeX Encoding Info:    Redeclaring text command \textdoubletilde (encoding TU)
 on input line 664.
LaTeX Encoding Info:    Redeclaring text command \t (encoding TU) on input line
 666.
LaTeX Encoding Info:    Redeclaring text command \capitaltie (encoding TU) on i
nput line 668.
LaTeX Encoding Info:    Redeclaring text command \texttoptiebar (encoding TU) o
n input line 670.
LaTeX Encoding Info:    Redeclaring text command \sliding (encoding TU) on inpu
t line 692.
LaTeX Encoding Info:    Redeclaring text command \texthighrise (encoding OT1) o
n input line 717.
LaTeX Encoding Info:    Redeclaring text command \texthighrise (encoding TU) on
 input line 718.
LaTeX Encoding Info:    Redeclaring text command \textlowrise (encoding OT1) on
 input line 719.
LaTeX Encoding Info:    Redeclaring text command \textlowrise (encoding TU) on 
input line 720.
LaTeX Encoding Info:    Redeclaring text command \textrisefall (encoding OT1) o
n input line 723.
LaTeX Encoding Info:    Redeclaring text command \textrisefall (encoding TU) on
 input line 724.
LaTeX Encoding Info:    Redeclaring text command \textfallrise (encoding OT1) o
n input line 725.
LaTeX Encoding Info:    Redeclaring text command \textfallrise (encoding TU) on
 input line 726.
LaTeX Encoding Info:    Redeclaring text command \textaolig (encoding TU) on in
put line 738.
LaTeX Encoding Info:    Redeclaring text command \bibridge (encoding TU) on inp
ut line 768.
LaTeX Encoding Info:    Redeclaring text command \textmidacute (encoding TU) on
 input line 770.
LaTeX Encoding Info:    Redeclaring text command \textgravemid (encoding TU) on
 input line 772.
LaTeX Encoding Info:    Redeclaring text command \textgravecircum (encoding TU)
 on input line 774.
LaTeX Encoding Info:    Redeclaring text command \textcircumacute (encoding TU)
 on input line 776.
LaTeX Encoding Info:    Redeclaring text command \textgravedot (encoding TU) on
 input line 778.
LaTeX Encoding Info:    Redeclaring text command \textdotacute (encoding TU) on
 input line 780.
LaTeX Encoding Info:    Redeclaring text command \textacutemacron (encoding TU)
 on input line 782.
LaTeX Encoding Info:    Redeclaring text command \textgravemacron (encoding TU)
 on input line 784.
LaTeX Encoding Info:    Redeclaring text command \textacutewedge (encoding TU) 
on input line 786.
LaTeX Encoding Info:    Redeclaring text command \textcircumdot (encoding TU) o
n input line 788.
LaTeX Encoding Info:    Redeclaring text command \texttildedot (encoding TU) on
 input line 790.
LaTeX Encoding Info:    Redeclaring text command \textringmacron (encoding TU) 
on input line 792.
LaTeX Encoding Info:    Redeclaring text command \textbrevemacron (encoding TU)
 on input line 794.
LaTeX Encoding Info:    Redeclaring text command \texthookcircum (encoding TU) 
on input line 797.
LaTeX Encoding Info:    Redeclaring text command \texttildecircum (encoding TU)
 on input line 799.
LaTeX Encoding Info:    Redeclaring text command \textdieresisoverline (encodin
g TU) on input line 801.
LaTeX Encoding Info:    Redeclaring text command \textdieresisacute (encoding T
U) on input line 803.
LaTeX Encoding Info:    Redeclaring text command \textdieresisgrave (encoding T
U) on input line 805.
LaTeX Encoding Info:    Redeclaring text command \textdieresiscaron (encoding T
U) on input line 807.
LaTeX Encoding Info:    Redeclaring text command \texttildeoverline (encoding T
U) on input line 809.
LaTeX Encoding Info:    Redeclaring text command \textdotoverline (encoding TU)
 on input line 811.
LaTeX Encoding Info:    Redeclaring text command \textringacute (encoding TU) o
n input line 813.
LaTeX Encoding Info:    Redeclaring text command \textcircumdotbelow (encoding 
TU) on input line 815.
LaTeX Encoding Info:    Redeclaring text command \textbreveacute (encoding TU) 
on input line 817.
LaTeX Encoding Info:    Redeclaring text command \textbrevegrave (encoding TU) 
on input line 819.
LaTeX Encoding Info:    Redeclaring text command \textbrevehook (encoding TU) o
n input line 821.
LaTeX Encoding Info:    Redeclaring text command \textbrevetilde (encoding TU) 
on input line 823.
LaTeX Encoding Info:    Redeclaring text command \textbrevedotbelow (encoding T
U) on input line 825.
LaTeX Encoding Info:    Redeclaring text command \textacutehorn (encoding TU) o
n input line 827.
LaTeX Encoding Info:    Redeclaring text command \textgravehorn (encoding TU) o
n input line 829.
LaTeX Encoding Info:    Redeclaring text command \texthookhorn (encoding TU) on
 input line 831.
LaTeX Encoding Info:    Redeclaring text command \texttildehorn (encoding TU) o
n input line 833.
LaTeX Encoding Info:    Redeclaring text command \textdotbelowhorn (encoding TU
) on input line 835.
LaTeX Encoding Info:    Redeclaring text command \textogonekoverline (encoding 
TU) on input line 837.
LaTeX Encoding Info:    Redeclaring text command \textmiddledot (encoding TU) o
n input line 840.
LaTeX Encoding Info:    Redeclaring text command \TIPAvertmacro (encoding TU) o
n input line 842.
LaTeX Encoding Info:    Redeclaring text command \textupstep (encoding TU) on i
nput line 844.
LaTeX Encoding Info:    Redeclaring text command \textdownstep (encoding TU) on
 input line 845.
LaTeX Encoding Info:    Redeclaring text command \textquotedbl (encoding TU) on
 input line 1706.
LaTeX Encoding Info:    Redeclaring text command \texthash (encoding TU) on inp
ut line 1707.
LaTeX Encoding Info:    Redeclaring text command \textdollar (encoding TU) on i
nput line 1708.
LaTeX Encoding Info:    Redeclaring text command \textpercent (encoding TU) on 
input line 1709.
LaTeX Encoding Info:    Redeclaring text command \textampersand (encoding TU) o
n input line 1710.
LaTeX Encoding Info:    Redeclaring text command \textquotesingle (encoding TU)
 on input line 1711.
LaTeX Encoding Info:    Redeclaring text command \textasteriskcentered (encodin
g TU) on input line 1712.
LaTeX Encoding Info:    Redeclaring text command \textless (encoding TU) on inp
ut line 1713.
LaTeX Encoding Info:    Redeclaring text command \textequals (encoding TU) on i
nput line 1714.
LaTeX Encoding Info:    Redeclaring text command \textgreater (encoding TU) on 
input line 1715.
LaTeX Encoding Info:    Redeclaring text command \textbackslash (encoding TU) o
n input line 1716.
LaTeX Encoding Info:    Redeclaring text command \textasciicircum (encoding TU)
 on input line 1717.
LaTeX Encoding Info:    Redeclaring text command \textunderscore (encoding TU) 
on input line 1718.
LaTeX Encoding Info:    Redeclaring text command \textasciigrave (encoding TU) 
on input line 1719.
LaTeX Encoding Info:    Redeclaring text command \textg (encoding TU) on input 
line 1720.
LaTeX Encoding Info:    Redeclaring text command \textbraceleft (encoding TU) o
n input line 1721.
LaTeX Encoding Info:    Redeclaring text command \textbar (encoding TU) on inpu
t line 1722.
LaTeX Encoding Info:    Redeclaring text command \textbraceright (encoding TU) 
on input line 1723.
LaTeX Encoding Info:    Redeclaring text command \textasciitilde (encoding TU) 
on input line 1724.
LaTeX Encoding Info:    Redeclaring text command \textexclamdown (encoding TU) 
on input line 1726.
LaTeX Encoding Info:    Redeclaring text command \textcent (encoding TU) on inp
ut line 1727.
LaTeX Encoding Info:    Redeclaring text command \textsterling (encoding TU) on
 input line 1729.
LaTeX Encoding Info:    Redeclaring text command \textcurrency (encoding TU) on
 input line 1731.
LaTeX Encoding Info:    Redeclaring text command \textyen (encoding TU) on inpu
t line 1732.
LaTeX Encoding Info:    Redeclaring text command \textbrokenbar (encoding TU) o
n input line 1734.
LaTeX Encoding Info:    Redeclaring text command \textsection (encoding TU) on 
input line 1735.
LaTeX Encoding Info:    Redeclaring text command \textasciidieresis (encoding T
U) on input line 1737.
LaTeX Encoding Info:    Redeclaring text command \textcopyright (encoding TU) o
n input line 1738.
LaTeX Encoding Info:    Redeclaring text command \copyright (encoding TU) on in
put line 1739.
LaTeX Encoding Info:    Redeclaring text command \textordfeminine (encoding TU)
 on input line 1740.
LaTeX Encoding Info:    Redeclaring text command \guillemotleft (encoding TU) o
n input line 1742.
LaTeX Encoding Info:    Redeclaring text command \textlogicalnot (encoding TU) 
on input line 1743.
LaTeX Encoding Info:    Redeclaring text command \textregistered (encoding TU) 
on input line 1746.
LaTeX Encoding Info:    Redeclaring text command \textasciimacron (encoding TU)
 on input line 1747.
LaTeX Encoding Info:    Redeclaring text command \textdegree (encoding TU) on i
nput line 1748.
LaTeX Encoding Info:    Redeclaring text command \textpm (encoding TU) on input
 line 1749.
LaTeX Encoding Info:    Redeclaring text command \texttwosuperior (encoding TU)
 on input line 1751.
LaTeX Encoding Info:    Redeclaring text command \textthreesuperior (encoding T
U) on input line 1753.
LaTeX Encoding Info:    Redeclaring text command \textasciiacute (encoding TU) 
on input line 1755.
LaTeX Encoding Info:    Redeclaring text command \textmu (encoding TU) on input
 line 1756.
LaTeX Encoding Info:    Redeclaring text command \textparagraph (encoding TU) o
n input line 1758.
LaTeX Encoding Info:    Redeclaring text command \textpilcrow (encoding TU) on 
input line 1759.
LaTeX Encoding Info:    Redeclaring text command \textcentereddot (encoding TU)
 on input line 1761.
LaTeX Encoding Info:    Redeclaring text command \textperiodcentered (encoding 
TU) on input line 1762.
LaTeX Encoding Info:    Redeclaring text command \textasciicedilla (encoding TU
) on input line 1763.
LaTeX Encoding Info:    Redeclaring text command \textonesuperior (encoding TU)
 on input line 1764.
LaTeX Encoding Info:    Redeclaring text command \textordmasculine (encoding TU
) on input line 1766.
LaTeX Encoding Info:    Redeclaring text command \guillemotright (encoding TU) 
on input line 1768.
LaTeX Encoding Info:    Redeclaring text command \textonequarter (encoding TU) 
on input line 1769.
LaTeX Encoding Info:    Redeclaring text command \textonehalf (encoding TU) on 
input line 1770.
LaTeX Encoding Info:    Redeclaring text command \textthreequarters (encoding T
U) on input line 1771.
LaTeX Encoding Info:    Redeclaring text command \textquestiondown (encoding TU
) on input line 1772.
LaTeX Encoding Info:    Redeclaring text command \AA (encoding TU) on input lin
e 1785.
LaTeX Encoding Info:    Redeclaring text command \AE (encoding TU) on input lin
e 1786.
LaTeX Encoding Info:    Redeclaring text command \DH (encoding TU) on input lin
e 1806.
LaTeX Encoding Info:    Redeclaring text command \texttimes (encoding TU) on in
put line 1819.
LaTeX Encoding Info:    Redeclaring text command \O (encoding TU) on input line
 1821.
LaTeX Encoding Info:    Redeclaring text command \TH (encoding TU) on input lin
e 1832.
LaTeX Encoding Info:    Redeclaring text command \Thorn (encoding TU) on input 
line 1833.
LaTeX Encoding Info:    Redeclaring text command \ss (encoding TU) on input lin
e 1834.
LaTeX Encoding Info:    Redeclaring text command \aa (encoding TU) on input lin
e 1842.
LaTeX Encoding Info:    Redeclaring text command \ae (encoding TU) on input lin
e 1843.
LaTeX Encoding Info:    Redeclaring text command \dh (encoding TU) on input lin
e 1857.
LaTeX Encoding Info:    Redeclaring text command \textdiv (encoding TU) on inpu
t line 1864.
LaTeX Encoding Info:    Redeclaring text command \o (encoding TU) on input line
 1866.
LaTeX Encoding Info:    Redeclaring text command \th (encoding TU) on input lin
e 1872.
LaTeX Encoding Info:    Redeclaring text command \textthorn (encoding TU) on in
put line 1873.
LaTeX Encoding Info:    Redeclaring text command \textthornvari (encoding TU) o
n input line 1874.
LaTeX Encoding Info:    Redeclaring text command \textthornvarii (encoding TU) 
on input line 1875.
LaTeX Encoding Info:    Redeclaring text command \textthornvariii (encoding TU)
 on input line 1876.
LaTeX Encoding Info:    Redeclaring text command \textthornvariv (encoding TU) 
on input line 1877.
LaTeX Encoding Info:    Redeclaring text command \Aogonek (encoding TU) on inpu
t line 1887.
LaTeX Encoding Info:    Redeclaring text command \aogonek (encoding TU) on inpu
t line 1890.
LaTeX Encoding Info:    Redeclaring text command \DJ (encoding TU) on input lin
e 1907.
LaTeX Encoding Info:    Redeclaring text command \dj (encoding TU) on input lin
e 1909.
LaTeX Encoding Info:    Redeclaring text command \textcrd (encoding TU) on inpu
t line 1910.
LaTeX Encoding Info:    Redeclaring text command \textHbar (encoding TU) on inp
ut line 1943.
LaTeX Encoding Info:    Redeclaring text command \textcrh (encoding TU) on inpu
t line 1945.
LaTeX Encoding Info:    Redeclaring text command \texthbar (encoding TU) on inp
ut line 1946.
LaTeX Encoding Info:    Redeclaring text command \i (encoding TU) on input line
 1965.
LaTeX Encoding Info:    Redeclaring text command \IJ (encoding TU) on input lin
e 1966.
LaTeX Encoding Info:    Redeclaring text command \ij (encoding TU) on input lin
e 1967.
LaTeX Encoding Info:    Redeclaring text command \textkra (encoding TU) on inpu
t line 1975.
LaTeX Encoding Info:    Redeclaring text command \Lcaron (encoding TU) on input
 line 1984.
LaTeX Encoding Info:    Redeclaring text command \lcaron (encoding TU) on input
 line 1986.
LaTeX Encoding Info:    Redeclaring text command \L (encoding TU) on input line
 1990.
LaTeX Encoding Info:    Redeclaring text command \Lstroke (encoding TU) on inpu
t line 1991.
LaTeX Encoding Info:    Redeclaring text command \l (encoding TU) on input line
 1993.
LaTeX Encoding Info:    Redeclaring text command \lstroke (encoding TU) on inpu
t line 1994.
LaTeX Encoding Info:    Redeclaring text command \textbarl (encoding TU) on inp
ut line 1995.
LaTeX Encoding Info:    Redeclaring text command \NG (encoding TU) on input lin
e 2008.
LaTeX Encoding Info:    Redeclaring text command \ng (encoding TU) on input lin
e 2010.
LaTeX Encoding Info:    Redeclaring text command \OE (encoding TU) on input lin
e 2020.
LaTeX Encoding Info:    Redeclaring text command \oe (encoding TU) on input lin
e 2021.
LaTeX Encoding Info:    Redeclaring text command \Racute (encoding TU) on input
 line 2024.
LaTeX Encoding Info:    Redeclaring text command \racute (encoding TU) on input
 line 2026.
LaTeX Encoding Info:    Redeclaring text command \Sacute (encoding TU) on input
 line 2035.
LaTeX Encoding Info:    Redeclaring text command \sacute (encoding TU) on input
 line 2037.
LaTeX Encoding Info:    Redeclaring text command \Scedilla (encoding TU) on inp
ut line 2043.
LaTeX Encoding Info:    Redeclaring text command \scedilla (encoding TU) on inp
ut line 2045.
LaTeX Encoding Info:    Redeclaring text command \Scaron (encoding TU) on input
 line 2048.
LaTeX Encoding Info:    Redeclaring text command \scaron (encoding TU) on input
 line 2050.
LaTeX Encoding Info:    Redeclaring text command \Tcaron (encoding TU) on input
 line 2056.
LaTeX Encoding Info:    Redeclaring text command \tcaron (encoding TU) on input
 line 2058.
LaTeX Encoding Info:    Redeclaring text command \textTstroke (encoding TU) on 
input line 2060.
LaTeX Encoding Info:    Redeclaring text command \textTbar (encoding TU) on inp
ut line 2061.
LaTeX Encoding Info:    Redeclaring text command \texttstroke (encoding TU) on 
input line 2063.
LaTeX Encoding Info:    Redeclaring text command \texttbar (encoding TU) on inp
ut line 2064.
LaTeX Encoding Info:    Redeclaring text command \Zdotaccent (encoding TU) on i
nput line 2097.
LaTeX Encoding Info:    Redeclaring text command \zdotaccent (encoding TU) on i
nput line 2099.
LaTeX Encoding Info:    Redeclaring text command \Zcaron (encoding TU) on input
 line 2102.
LaTeX Encoding Info:    Redeclaring text command \zcaron (encoding TU) on input
 line 2104.
LaTeX Encoding Info:    Redeclaring text command \textcrb (encoding TU) on inpu
t line 2107.
LaTeX Encoding Info:    Redeclaring text command \textBhook (encoding TU) on in
put line 2109.
LaTeX Encoding Info:    Redeclaring text command \textOopen (encoding TU) on in
put line 2115.
LaTeX Encoding Info:    Redeclaring text command \textChook (encoding TU) on in
put line 2117.
LaTeX Encoding Info:    Redeclaring text command \texthtc (encoding TU) on inpu
t line 2119.
LaTeX Encoding Info:    Redeclaring text command \textchook (encoding TU) on in
put line 2120.
LaTeX Encoding Info:    Redeclaring text command \textDafrican (encoding TU) on
 input line 2122.
LaTeX Encoding Info:    Redeclaring text command \textDhook (encoding TU) on in
put line 2124.
LaTeX Encoding Info:    Redeclaring text command \textEreversed (encoding TU) o
n input line 2128.
LaTeX Encoding Info:    Redeclaring text command \textEopen (encoding TU) on in
put line 2132.
LaTeX Encoding Info:    Redeclaring text command \textFhook (encoding TU) on in
put line 2134.
LaTeX Encoding Info:    Redeclaring text command \textflorin (encoding TU) on i
nput line 2136.
LaTeX Encoding Info:    Redeclaring text command \textgamma (encoding TU) on in
put line 2139.
LaTeX Encoding Info:    Redeclaring text command \textGammaafrican (encoding TU
) on input line 2140.
LaTeX Encoding Info:    Redeclaring text command \hv (encoding TU) on input lin
e 2141.
LaTeX Encoding Info:    Redeclaring text command \texthvlig (encoding TU) on in
put line 2142.
LaTeX Encoding Info:    Redeclaring text command \textIotaafrican (encoding TU)
 on input line 2144.
LaTeX Encoding Info:    Redeclaring text command \textKhook (encoding TU) on in
put line 2150.
LaTeX Encoding Info:    Redeclaring text command \texthtk (encoding TU) on inpu
t line 2152.
LaTeX Encoding Info:    Redeclaring text command \textkhook (encoding TU) on in
put line 2153.
LaTeX Encoding Info:    Redeclaring text command \textbarl (encoding TU) on inp
ut line 2155.
LaTeX Encoding Info:    Redeclaring text command \textcrlambda (encoding TU) on
 input line 2157.
LaTeX Encoding Info:    Redeclaring text command \textNhookleft (encoding TU) o
n input line 2160.
LaTeX Encoding Info:    Redeclaring text command \textnrleg (encoding TU) on in
put line 2161.
LaTeX Encoding Info:    Redeclaring text command \Ohorn (encoding TU) on input 
line 2163.
LaTeX Encoding Info:    Redeclaring text command \ohorn (encoding TU) on input 
line 2165.
LaTeX Encoding Info:    Redeclaring text command \textPhook (encoding TU) on in
put line 2170.
LaTeX Encoding Info:    Redeclaring text command \texthtp (encoding TU) on inpu
t line 2172.
LaTeX Encoding Info:    Redeclaring text command \textphook (encoding TU) on in
put line 2173.
LaTeX Encoding Info:    Redeclaring text command \ESH (encoding TU) on input li
ne 2177.
LaTeX Encoding Info:    Redeclaring text command \textEsh (encoding TU) on inpu
t line 2178.
LaTeX Encoding Info:    Redeclaring text command \textlooptoprevesh (encoding T
U) on input line 2179.
LaTeX Encoding Info:    Redeclaring text command \textlhtlongi (encoding TU) on
 input line 2180.
LaTeX Encoding Info:    Redeclaring text command \textlhookt (encoding TU) on i
nput line 2182.
LaTeX Encoding Info:    Redeclaring text command \textThook (encoding TU) on in
put line 2184.
LaTeX Encoding Info:    Redeclaring text command \texthtt (encoding TU) on inpu
t line 2186.
LaTeX Encoding Info:    Redeclaring text command \textthook (encoding TU) on in
put line 2187.
LaTeX Encoding Info:    Redeclaring text command \textTretroflexhook (encoding 
TU) on input line 2189.
LaTeX Encoding Info:    Redeclaring text command \Uhorn (encoding TU) on input 
line 2190.
LaTeX Encoding Info:    Redeclaring text command \uhorn (encoding TU) on input 
line 2192.
LaTeX Encoding Info:    Redeclaring text command \textupsilon (encoding TU) on 
input line 2194.
LaTeX Encoding Info:    Redeclaring text command \textVhook (encoding TU) on in
put line 2197.
LaTeX Encoding Info:    Redeclaring text command \textYhook (encoding TU) on in
put line 2199.
LaTeX Encoding Info:    Redeclaring text command \textyhook (encoding TU) on in
put line 2201.
LaTeX Encoding Info:    Redeclaring text command \Zbar (encoding TU) on input l
ine 2203.
LaTeX Encoding Info:    Redeclaring text command \EZH (encoding TU) on input li
ne 2206.
LaTeX Encoding Info:    Redeclaring text command \textEzh (encoding TU) on inpu
t line 2207.
LaTeX Encoding Info:    Redeclaring text command \textrevyogh (encoding TU) on 
input line 2211.
LaTeX Encoding Info:    Redeclaring text command \textbenttailyogh (encoding TU
) on input line 2212.
LaTeX Encoding Info:    Redeclaring text command \textcrtwo (encoding TU) on in
put line 2214.
LaTeX Encoding Info:    Redeclaring text command \textcrinvglotstop (encoding T
U) on input line 2217.
LaTeX Encoding Info:    Redeclaring text command \wynn (encoding TU) on input l
ine 2218.
LaTeX Encoding Info:    Redeclaring text command \textpipe (encoding TU) on inp
ut line 2219.
LaTeX Encoding Info:    Redeclaring text command \textpipevar (encoding TU) on 
input line 2220.
LaTeX Encoding Info:    Redeclaring text command \textvertline (encoding TU) on
 input line 2221.
LaTeX Encoding Info:    Redeclaring text command \textdoublepipe (encoding TU) 
on input line 2223.
LaTeX Encoding Info:    Redeclaring text command \textdoublepipevar (encoding T
U) on input line 2224.
LaTeX Encoding Info:    Redeclaring text command \textdoublebarpipe (encoding T
U) on input line 2225.
LaTeX Encoding Info:    Redeclaring text command \textdoublebarpipevar (encodin
g TU) on input line 2226.
LaTeX Encoding Info:    Redeclaring text command \textrclick (encoding TU) on i
nput line 2228.
LaTeX Encoding Info:    Redeclaring text command \LJ (encoding TU) on input lin
e 2232.
LaTeX Encoding Info:    Redeclaring text command \Lj (encoding TU) on input lin
e 2233.
LaTeX Encoding Info:    Redeclaring text command \lj (encoding TU) on input lin
e 2234.
LaTeX Encoding Info:    Redeclaring text command \NJ (encoding TU) on input lin
e 2235.
LaTeX Encoding Info:    Redeclaring text command \Nj (encoding TU) on input lin
e 2236.
LaTeX Encoding Info:    Redeclaring text command \nj (encoding TU) on input lin
e 2237.
LaTeX Encoding Info:    Redeclaring text command \inve (encoding TU) on input l
ine 2268.
LaTeX Encoding Info:    Redeclaring text command \texteturned (encoding TU) on 
input line 2269.
LaTeX Encoding Info:    Redeclaring text command \textcrg (encoding TU) on inpu
t line 2282.
LaTeX Encoding Info:    Redeclaring text command \textEzh (encoding TU) on inpu
t line 2298.
LaTeX Encoding Info:    Redeclaring text command \textezh (encoding TU) on inpu
t line 2300.
LaTeX Encoding Info:    Redeclaring text command \DZ (encoding TU) on input lin
e 2303.
LaTeX Encoding Info:    Redeclaring text command \Dz (encoding TU) on input lin
e 2304.
LaTeX Encoding Info:    Redeclaring text command \dz (encoding TU) on input lin
e 2305.
LaTeX Encoding Info:    Redeclaring text command \HV (encoding TU) on input lin
e 2310.
LaTeX Encoding Info:    Redeclaring text command \WYNN (encoding TU) on input l
ine 2311.
LaTeX Encoding Info:    Redeclaring text command \textwynn (encoding TU) on inp
ut line 2312.
LaTeX Encoding Info:    Redeclaring text command \YOGH (encoding TU) on input l
ine 2353.
LaTeX Encoding Info:    Redeclaring text command \yogh (encoding TU) on input l
ine 2354.
LaTeX Encoding Info:    Redeclaring text command \textctd (encoding TU) on inpu
t line 2361.
LaTeX Encoding Info:    Redeclaring text command \textcommatailz (encoding TU) 
on input line 2366.
LaTeX Encoding Info:    Redeclaring text command \textctl (encoding TU) on inpu
t line 2392.
LaTeX Encoding Info:    Redeclaring text command \textctn (encoding TU) on inpu
t line 2394.
LaTeX Encoding Info:    Redeclaring text command \textctt (encoding TU) on inpu
t line 2396.
LaTeX Encoding Info:    Redeclaring text command \textdotlessj (encoding TU) on
 input line 2397.
LaTeX Encoding Info:    Redeclaring text command \textdblig (encoding TU) on in
put line 2398.
LaTeX Encoding Info:    Redeclaring text command \textqplig (encoding TU) on in
put line 2399.
LaTeX Encoding Info:    Redeclaring text command \textstrokea (encoding TU) on 
input line 2400.
LaTeX Encoding Info:    Redeclaring text command \textstrokecapitalc (encoding 
TU) on input line 2401.
LaTeX Encoding Info:    Redeclaring text command \textstrokec (encoding TU) on 
input line 2402.
LaTeX Encoding Info:    Redeclaring text command \textbarcapitall (encoding TU)
 on input line 2403.
LaTeX Encoding Info:    Redeclaring text command \textstrokecapitalt (encoding 
TU) on input line 2404.
LaTeX Encoding Info:    Redeclaring text command \textrts (encoding TU) on inpu
t line 2405.
LaTeX Encoding Info:    Redeclaring text command \textrtz (encoding TU) on inpu
t line 2406.
LaTeX Encoding Info:    Redeclaring text command \textglotstopvari (encoding TU
) on input line 2407.
LaTeX Encoding Info:    Redeclaring text command \textglotstopvarii (encoding T
U) on input line 2408.
LaTeX Encoding Info:    Redeclaring text command \textbarcapitalb (encoding TU)
 on input line 2409.
LaTeX Encoding Info:    Redeclaring text command \textbarcapitalu (encoding TU)
 on input line 2410.
LaTeX Encoding Info:    Redeclaring text command \textturnedcapitalv (encoding 
TU) on input line 2411.
LaTeX Encoding Info:    Redeclaring text command \textstrokecapitale (encoding 
TU) on input line 2412.
LaTeX Encoding Info:    Redeclaring text command \textstrokee (encoding TU) on 
input line 2413.
LaTeX Encoding Info:    Redeclaring text command \textbarcapitalj (encoding TU)
 on input line 2414.
LaTeX Encoding Info:    Redeclaring text command \textbarj (encoding TU) on inp
ut line 2415.
LaTeX Encoding Info:    Redeclaring text command \texthtcapitalq (encoding TU) 
on input line 2416.
LaTeX Encoding Info:    Redeclaring text command \texthtq (encoding TU) on inpu
t line 2417.
LaTeX Encoding Info:    Redeclaring text command \textbarcapitalr (encoding TU)
 on input line 2418.
LaTeX Encoding Info:    Redeclaring text command \textbarr (encoding TU) on inp
ut line 2419.
LaTeX Encoding Info:    Redeclaring text command \textbarcapitaly (encoding TU)
 on input line 2420.
LaTeX Encoding Info:    Redeclaring text command \textbary (encoding TU) on inp
ut line 2421.
LaTeX Encoding Info:    Redeclaring text command \textturna (encoding TU) on in
put line 2426.
LaTeX Encoding Info:    Redeclaring text command \textscripta (encoding TU) on 
input line 2428.
LaTeX Encoding Info:    Redeclaring text command \textturnscripta (encoding TU)
 on input line 2430.
LaTeX Encoding Info:    Redeclaring text command \texthtb (encoding TU) on inpu
t line 2433.
LaTeX Encoding Info:    Redeclaring text command \textbhook (encoding TU) on in
put line 2434.
LaTeX Encoding Info:    Redeclaring text command \textopeno (encoding TU) on in
put line 2436.
LaTeX Encoding Info:    Redeclaring text command \textoopen (encoding TU) on in
put line 2437.
LaTeX Encoding Info:    Redeclaring text command \textctc (encoding TU) on inpu
t line 2439.
LaTeX Encoding Info:    Redeclaring text command \textrtaild (encoding TU) on i
nput line 2441.
LaTeX Encoding Info:    Redeclaring text command \textdtail (encoding TU) on in
put line 2442.
LaTeX Encoding Info:    Redeclaring text command \texthtd (encoding TU) on inpu
t line 2444.
LaTeX Encoding Info:    Redeclaring text command \textdhook (encoding TU) on in
put line 2445.
LaTeX Encoding Info:    Redeclaring text command \textreve (encoding TU) on inp
ut line 2447.
LaTeX Encoding Info:    Redeclaring text command \schwa (encoding TU) on input 
line 2448.
LaTeX Encoding Info:    Redeclaring text command \textschwa (encoding TU) on in
put line 2449.
LaTeX Encoding Info:    Redeclaring text command \textrhookschwa (encoding TU) 
on input line 2452.
LaTeX Encoding Info:    Redeclaring text command \textepsilon (encoding TU) on 
input line 2454.
LaTeX Encoding Info:    Redeclaring text command \texteopen (encoding TU) on in
put line 2455.
LaTeX Encoding Info:    Redeclaring text command \textrevepsilon (encoding TU) 
on input line 2457.
LaTeX Encoding Info:    Redeclaring text command \textrhookrevepsilon (encoding
 TU) on input line 2460.
LaTeX Encoding Info:    Redeclaring text command \textcloserevepsilon (encoding
 TU) on input line 2462.
LaTeX Encoding Info:    Redeclaring text command \textbardotlessj (encoding TU)
 on input line 2464.
LaTeX Encoding Info:    Redeclaring text command \textObardotlessj (encoding TU
) on input line 2465.
LaTeX Encoding Info:    Redeclaring text command \texthtg (encoding TU) on inpu
t line 2467.
LaTeX Encoding Info:    Redeclaring text command \textscriptg (encoding TU) on 
input line 2469.
LaTeX Encoding Info:    Redeclaring text command \textscg (encoding TU) on inpu
t line 2472.
LaTeX Encoding Info:    Redeclaring text command \textbabygamma (encoding TU) o
n input line 2474.
LaTeX Encoding Info:    Redeclaring text command \textgammalatinsmall (encoding
 TU) on input line 2475.
LaTeX Encoding Info:    Redeclaring text command \textramshorns (encoding TU) o
n input line 2476.
LaTeX Encoding Info:    Redeclaring text command \textturnh (encoding TU) on in
put line 2478.
LaTeX Encoding Info:    Redeclaring text command \texthth (encoding TU) on inpu
t line 2481.
LaTeX Encoding Info:    Redeclaring text command \texththeng (encoding TU) on i
nput line 2483.
LaTeX Encoding Info:    Redeclaring text command \textbari (encoding TU) on inp
ut line 2485.
LaTeX Encoding Info:    Redeclaring text command \textiota (encoding TU) on inp
ut line 2487.
LaTeX Encoding Info:    Redeclaring text command \textiotalatin (encoding TU) o
n input line 2488.
LaTeX Encoding Info:    Redeclaring text command \textsci (encoding TU) on inpu
t line 2490.
LaTeX Encoding Info:    Redeclaring text command \textltilde (encoding TU) on i
nput line 2492.
LaTeX Encoding Info:    Redeclaring text command \textbeltl (encoding TU) on in
put line 2494.
LaTeX Encoding Info:    Redeclaring text command \textrtaill (encoding TU) on i
nput line 2496.
LaTeX Encoding Info:    Redeclaring text command \textlyoghlig (encoding TU) on
 input line 2498.
LaTeX Encoding Info:    Redeclaring text command \textOlyoghlig (encoding TU) o
n input line 2499.
LaTeX Encoding Info:    Redeclaring text command \textturnm (encoding TU) on in
put line 2501.
LaTeX Encoding Info:    Redeclaring text command \textturnmrleg (encoding TU) o
n input line 2503.
LaTeX Encoding Info:    Redeclaring text command \textltailm (encoding TU) on i
nput line 2505.
LaTeX Encoding Info:    Redeclaring text command \textltailn (encoding TU) on i
nput line 2507.
LaTeX Encoding Info:    Redeclaring text command \textnhookleft (encoding TU) o
n input line 2508.
LaTeX Encoding Info:    Redeclaring text command \textrtailn (encoding TU) on i
nput line 2510.
LaTeX Encoding Info:    Redeclaring text command \textscn (encoding TU) on inpu
t line 2512.
LaTeX Encoding Info:    Redeclaring text command \textbaro (encoding TU) on inp
ut line 2514.
LaTeX Encoding Info:    Redeclaring text command \textscoelig (encoding TU) on 
input line 2516.
LaTeX Encoding Info:    Redeclaring text command \textcloseomega (encoding TU) 
on input line 2518.
LaTeX Encoding Info:    Redeclaring text command \textphi (encoding TU) on inpu
t line 2519.
LaTeX Encoding Info:    Redeclaring text command \textturnr (encoding TU) on in
put line 2521.
LaTeX Encoding Info:    Redeclaring text command \textturnlonglegr (encoding TU
) on input line 2523.
LaTeX Encoding Info:    Redeclaring text command \textturnrrtail (encoding TU) 
on input line 2525.
LaTeX Encoding Info:    Redeclaring text command \textlonglegr (encoding TU) on
 input line 2527.
LaTeX Encoding Info:    Redeclaring text command \textrtailr (encoding TU) on i
nput line 2529.
LaTeX Encoding Info:    Redeclaring text command \textfishhookr (encoding TU) o
n input line 2531.
LaTeX Encoding Info:    Redeclaring text command \textlhti (encoding TU) on inp
ut line 2532.
LaTeX Encoding Info:    Redeclaring text command \textlhtlongi (encoding TU) on
 input line 2533.
LaTeX Encoding Info:    Redeclaring text command \textscr (encoding TU) on inpu
t line 2536.
LaTeX Encoding Info:    Redeclaring text command \textinvscr (encoding TU) on i
nput line 2538.
LaTeX Encoding Info:    Redeclaring text command \textrtails (encoding TU) on i
nput line 2540.
LaTeX Encoding Info:    Redeclaring text command \esh (encoding TU) on input li
ne 2542.
LaTeX Encoding Info:    Redeclaring text command \textesh (encoding TU) on inpu
t line 2543.
LaTeX Encoding Info:    Redeclaring text command \texthtbardotlessj (encoding T
U) on input line 2546.
LaTeX Encoding Info:    Redeclaring text command \texthtObardotlessj (encoding 
TU) on input line 2547.
LaTeX Encoding Info:    Redeclaring text command \texthtbardotlessjvar (encodin
g TU) on input line 2548.
LaTeX Encoding Info:    Redeclaring text command \textvibyi (encoding TU) on in
put line 2550.
LaTeX Encoding Info:    Redeclaring text command \textctesh (encoding TU) on in
put line 2553.
LaTeX Encoding Info:    Redeclaring text command \textturnt (encoding TU) on in
put line 2555.
LaTeX Encoding Info:    Redeclaring text command \textrtailt (encoding TU) on i
nput line 2557.
LaTeX Encoding Info:    Redeclaring text command \texttretroflexhook (encoding 
TU) on input line 2558.
LaTeX Encoding Info:    Redeclaring text command \textbaru (encoding TU) on inp
ut line 2560.
LaTeX Encoding Info:    Redeclaring text command \textscupsilon (encoding TU) o
n input line 2561.
LaTeX Encoding Info:    Redeclaring text command \textscriptv (encoding TU) on 
input line 2564.
LaTeX Encoding Info:    Redeclaring text command \textvhook (encoding TU) on in
put line 2565.
LaTeX Encoding Info:    Redeclaring text command \textturnv (encoding TU) on in
put line 2567.
LaTeX Encoding Info:    Redeclaring text command \textturnw (encoding TU) on in
put line 2569.
LaTeX Encoding Info:    Redeclaring text command \textturny (encoding TU) on in
put line 2571.
LaTeX Encoding Info:    Redeclaring text command \textscy (encoding TU) on inpu
t line 2573.
LaTeX Encoding Info:    Redeclaring text command \textrtailz (encoding TU) on i
nput line 2575.
LaTeX Encoding Info:    Redeclaring text command \textctz (encoding TU) on inpu
t line 2577.
LaTeX Encoding Info:    Redeclaring text command \ezh (encoding TU) on input li
ne 2579.
LaTeX Encoding Info:    Redeclaring text command \textezh (encoding TU) on inpu
t line 2580.
LaTeX Encoding Info:    Redeclaring text command \textyogh (encoding TU) on inp
ut line 2581.
LaTeX Encoding Info:    Redeclaring text command \textctyogh (encoding TU) on i
nput line 2583.
LaTeX Encoding Info:    Redeclaring text command \textglotstop (encoding TU) on
 input line 2584.
LaTeX Encoding Info:    Redeclaring text command \textrevglotstop (encoding TU)
 on input line 2585.
LaTeX Encoding Info:    Redeclaring text command \textinvglotstop (encoding TU)
 on input line 2586.
LaTeX Encoding Info:    Redeclaring text command \textstretchc (encoding TU) on
 input line 2587.
LaTeX Encoding Info:    Redeclaring text command \textstretchcvar (encoding TU)
 on input line 2588.
LaTeX Encoding Info:    Redeclaring text command \textbullseye (encoding TU) on
 input line 2589.
LaTeX Encoding Info:    Redeclaring text command \textObullseye (encoding TU) o
n input line 2590.
LaTeX Encoding Info:    Redeclaring text command \textscb (encoding TU) on inpu
t line 2592.
LaTeX Encoding Info:    Redeclaring text command \textcloseepsilon (encoding TU
) on input line 2594.
LaTeX Encoding Info:    Redeclaring text command \texthtscg (encoding TU) on in
put line 2596.
LaTeX Encoding Info:    Redeclaring text command \textsch (encoding TU) on inpu
t line 2598.
LaTeX Encoding Info:    Redeclaring text command \textctj (encoding TU) on inpu
t line 2600.
LaTeX Encoding Info:    Redeclaring text command \textctjvar (encoding TU) on i
nput line 2601.
LaTeX Encoding Info:    Redeclaring text command \textturnk (encoding TU) on in
put line 2603.
LaTeX Encoding Info:    Redeclaring text command \textscl (encoding TU) on inpu
t line 2605.
LaTeX Encoding Info:    Redeclaring text command \texthtq (encoding TU) on inpu
t line 2607.
LaTeX Encoding Info:    Redeclaring text command \textbarglotstop (encoding TU)
 on input line 2609.
LaTeX Encoding Info:    Redeclaring text command \textbarrevglotstop (encoding 
TU) on input line 2611.
LaTeX Encoding Info:    Redeclaring text command \textdzlig (encoding TU) on in
put line 2612.
LaTeX Encoding Info:    Redeclaring text command \textdyoghlig (encoding TU) on
 input line 2613.
LaTeX Encoding Info:    Redeclaring text command \textdctzlig (encoding TU) on 
input line 2614.
LaTeX Encoding Info:    Redeclaring text command \texttslig (encoding TU) on in
put line 2615.
LaTeX Encoding Info:    Redeclaring text command \textteshlig (encoding TU) on 
input line 2616.
LaTeX Encoding Info:    Redeclaring text command \texttesh (encoding TU) on inp
ut line 2617.
LaTeX Encoding Info:    Redeclaring text command \texttctclig (encoding TU) on 
input line 2618.
LaTeX Encoding Info:    Redeclaring text command \textfenglig (encoding TU) on 
input line 2619.
LaTeX Encoding Info:    Redeclaring text command \textlslig (encoding TU) on in
put line 2620.
LaTeX Encoding Info:    Redeclaring text command \textlzlig (encoding TU) on in
put line 2621.
LaTeX Encoding Info:    Redeclaring text command \textlhtlongy (encoding TU) on
 input line 2625.
LaTeX Encoding Info:    Redeclaring text command \textvibyy (encoding TU) on in
put line 2627.
LaTeX Encoding Info:    Redeclaring text command \textsuph (encoding TU) on inp
ut line 2630.
LaTeX Encoding Info:    Redeclaring text command \textsuphth (encoding TU) on i
nput line 2631.
LaTeX Encoding Info:    Redeclaring text command \textsupj (encoding TU) on inp
ut line 2632.
LaTeX Encoding Info:    Redeclaring text command \textsupr (encoding TU) on inp
ut line 2633.
LaTeX Encoding Info:    Redeclaring text command \textsupturnr (encoding TU) on
 input line 2634.
LaTeX Encoding Info:    Redeclaring text command \textsupturnrrtail (encoding T
U) on input line 2635.
LaTeX Encoding Info:    Redeclaring text command \textsupinvscr (encoding TU) o
n input line 2636.
LaTeX Encoding Info:    Redeclaring text command \textsupw (encoding TU) on inp
ut line 2637.
LaTeX Encoding Info:    Redeclaring text command \textsupy (encoding TU) on inp
ut line 2638.
LaTeX Encoding Info:    Redeclaring text command \cprime (encoding TU) on input
 line 2639.
LaTeX Encoding Info:    Redeclaring text command \textceltpal (encoding TU) on 
input line 2640.
LaTeX Encoding Info:    Redeclaring text command \cdprime (encoding TU) on inpu
t line 2642.
LaTeX Encoding Info:    Redeclaring text command \textturncomma (encoding TU) o
n input line 2643.
LaTeX Encoding Info:    Redeclaring text command \rasp (encoding TU) on input l
ine 2644.
LaTeX Encoding Info:    Redeclaring text command \lasp (encoding TU) on input l
ine 2645.
LaTeX Encoding Info:    Redeclaring text command \textrevapostrophe (encoding T
U) on input line 2646.
LaTeX Encoding Info:    Redeclaring text command \texthamza (encoding TU) on in
put line 2647.
LaTeX Encoding Info:    Redeclaring text command \textain (encoding TU) on inpu
t line 2648.
LaTeX Encoding Info:    Redeclaring text command \textraiseglotstop (encoding T
U) on input line 2649.
LaTeX Encoding Info:    Redeclaring text command \textraiserevglotstop (encodin
g TU) on input line 2650.
LaTeX Encoding Info:    Redeclaring text command \textlptr (encoding TU) on inp
ut line 2651.
LaTeX Encoding Info:    Redeclaring text command \textrptr (encoding TU) on inp
ut line 2652.
LaTeX Encoding Info:    Redeclaring text command \textuptr (encoding TU) on inp
ut line 2653.
LaTeX Encoding Info:    Redeclaring text command \textdptr (encoding TU) on inp
ut line 2654.
LaTeX Encoding Info:    Redeclaring text command \textcircumaccent (encoding TU
) on input line 2655.
LaTeX Encoding Info:    Redeclaring text command \textasciicaron (encoding TU) 
on input line 2656.
LaTeX Encoding Info:    Redeclaring text command \textcaronaccent (encoding TU)
 on input line 2657.
LaTeX Encoding Info:    Redeclaring text command \textprimstress (encoding TU) 
on input line 2658.
LaTeX Encoding Info:    Redeclaring text command \textmacronaccent (encoding TU
) on input line 2659.
LaTeX Encoding Info:    Redeclaring text command \textmacron (encoding TU) on i
nput line 2660.
LaTeX Encoding Info:    Redeclaring text command \textacuteaccent (encoding TU)
 on input line 2661.
LaTeX Encoding Info:    Redeclaring text command \textacute (encoding TU) on in
put line 2662.
LaTeX Encoding Info:    Redeclaring text command \textgraveaccent (encoding TU)
 on input line 2663.
LaTeX Encoding Info:    Redeclaring text command \textgrave (encoding TU) on in
put line 2664.
LaTeX Encoding Info:    Redeclaring text command \textsecstress (encoding TU) o
n input line 2665.
LaTeX Encoding Info:    Redeclaring text command \textlowmacron (encoding TU) o
n input line 2666.
LaTeX Encoding Info:    Redeclaring text command \textlowgrave (encoding TU) on
 input line 2667.
LaTeX Encoding Info:    Redeclaring text command \textlowacute (encoding TU) on
 input line 2668.
LaTeX Encoding Info:    Redeclaring text command \textlengthmark (encoding TU) 
on input line 2670.
LaTeX Encoding Info:    Redeclaring text command \texthalflength (encoding TU) 
on input line 2671.
LaTeX Encoding Info:    Redeclaring text command \textrhalfring (encoding TU) o
n input line 2672.
LaTeX Encoding Info:    Redeclaring text command \textlhalfring (encoding TU) o
n input line 2673.
LaTeX Encoding Info:    Redeclaring text command \textraised (encoding TU) on i
nput line 2674.
LaTeX Encoding Info:    Redeclaring text command \textlowered (encoding TU) on 
input line 2675.
LaTeX Encoding Info:    Redeclaring text command \textadvanced (encoding TU) on
 input line 2676.
LaTeX Encoding Info:    Redeclaring text command \textretracted (encoding TU) o
n input line 2677.
LaTeX Encoding Info:    Redeclaring text command \textbreveaccent (encoding TU)
 on input line 2678.
LaTeX Encoding Info:    Redeclaring text command \textbreve (encoding TU) on in
put line 2679.
LaTeX Encoding Info:    Redeclaring text command \textasciibreve (encoding TU) 
on input line 2680.
LaTeX Encoding Info:    Redeclaring text command \textdotabove (encoding TU) on
 input line 2681.
LaTeX Encoding Info:    Redeclaring text command \textdotaccent (encoding TU) o
n input line 2682.
LaTeX Encoding Info:    Redeclaring text command \textringabove (encoding TU) o
n input line 2683.
LaTeX Encoding Info:    Redeclaring text command \textringaccent (encoding TU) 
on input line 2684.
LaTeX Encoding Info:    Redeclaring text command \textcedillaaccent (encoding T
U) on input line 2685.
LaTeX Encoding Info:    Redeclaring text command \textogonek (encoding TU) on i
nput line 2686.
LaTeX Encoding Info:    Redeclaring text command \texttildeaccent (encoding TU)
 on input line 2687.
LaTeX Encoding Info:    Redeclaring text command \textsmalltilde (encoding TU) 
on input line 2688.
LaTeX Encoding Info:    Redeclaring text command \textacutedbl (encoding TU) on
 input line 2689.
LaTeX Encoding Info:    Redeclaring text command \textdoubleacute (encoding TU)
 on input line 2690.
LaTeX Encoding Info:    Redeclaring text command \textrhoticity (encoding TU) o
n input line 2691.
LaTeX Encoding Info:    Redeclaring text command \ipacrossaccent (encoding TU) 
on input line 2692.
LaTeX Encoding Info:    Redeclaring text command \ipasupgamma (encoding TU) on 
input line 2693.
LaTeX Encoding Info:    Redeclaring text command \ipasupl (encoding TU) on inpu
t line 2694.
LaTeX Encoding Info:    Redeclaring text command \ipasups (encoding TU) on inpu
t line 2695.
LaTeX Encoding Info:    Redeclaring text command \ipasupx (encoding TU) on inpu
t line 2696.
LaTeX Encoding Info:    Redeclaring text command \ipasuprerglotstpp (encoding T
U) on input line 2697.
LaTeX Encoding Info:    Redeclaring text command \tonebar (encoding TU) on inpu
t line 2789.
LaTeX Encoding Info:    Redeclaring text command \stonebar (encoding TU) on inp
ut line 2791.
LaTeX Encoding Info:    Redeclaring text command \rtonebar (encoding TU) on inp
ut line 2793.
LaTeX Encoding Info:    Redeclaring text command \tonebarextrahigh (encoding TU
) on input line 2794.
LaTeX Encoding Info:    Redeclaring text command \tonebarhigh (encoding TU) on 
input line 2798.
LaTeX Encoding Info:    Redeclaring text command \tonebarmiddle (encoding TU) o
n input line 2802.
LaTeX Encoding Info:    Redeclaring text command \tonebarmid (encoding TU) on i
nput line 2803.
LaTeX Encoding Info:    Redeclaring text command \tonebarlow (encoding TU) on i
nput line 2807.
LaTeX Encoding Info:    Redeclaring text command \tonebarextralow (encoding TU)
 on input line 2811.
LaTeX Encoding Info:    Redeclaring text command \tonebaryindeparting (encoding
 TU) on input line 2815.
LaTeX Encoding Info:    Redeclaring text command \tonebaryangdeparting (encodin
g TU) on input line 2816.
LaTeX Encoding Info:    Redeclaring text command \ipavoicing (encoding TU) on i
nput line 2818.
LaTeX Encoding Info:    Redeclaring text command \ipaunaspirated (encoding TU) 
on input line 2819.
LaTeX Encoding Info:    Redeclaring text command \textAlpha (encoding TU) on in
put line 2885.
LaTeX Encoding Info:    Redeclaring text command \textBeta (encoding TU) on inp
ut line 2886.
LaTeX Encoding Info:    Redeclaring text command \textGamma (encoding TU) on in
put line 2887.
LaTeX Encoding Info:    Redeclaring text command \textDelta (encoding TU) on in
put line 2888.
LaTeX Encoding Info:    Redeclaring text command \textEpsilon (encoding TU) on 
input line 2889.
LaTeX Encoding Info:    Redeclaring text command \textZeta (encoding TU) on inp
ut line 2890.
LaTeX Encoding Info:    Redeclaring text command \textEta (encoding TU) on inpu
t line 2891.
LaTeX Encoding Info:    Redeclaring text command \textTheta (encoding TU) on in
put line 2892.
LaTeX Encoding Info:    Redeclaring text command \textIota (encoding TU) on inp
ut line 2893.
LaTeX Encoding Info:    Redeclaring text command \textKappa (encoding TU) on in
put line 2894.
LaTeX Encoding Info:    Redeclaring text command \textLambda (encoding TU) on i
nput line 2895.
LaTeX Encoding Info:    Redeclaring text command \textMu (encoding TU) on input
 line 2896.
LaTeX Encoding Info:    Redeclaring text command \textNu (encoding TU) on input
 line 2897.
LaTeX Encoding Info:    Redeclaring text command \textXi (encoding TU) on input
 line 2898.
LaTeX Encoding Info:    Redeclaring text command \textOmicron (encoding TU) on 
input line 2899.
LaTeX Encoding Info:    Redeclaring text command \textPi (encoding TU) on input
 line 2900.
LaTeX Encoding Info:    Redeclaring text command \textRho (encoding TU) on inpu
t line 2901.
LaTeX Encoding Info:    Redeclaring text command \textSigma (encoding TU) on in
put line 2903.
LaTeX Encoding Info:    Redeclaring text command \textTau (encoding TU) on inpu
t line 2904.
LaTeX Encoding Info:    Redeclaring text command \textUpsilon (encoding TU) on 
input line 2905.
LaTeX Encoding Info:    Redeclaring text command \textPhi (encoding TU) on inpu
t line 2906.
LaTeX Encoding Info:    Redeclaring text command \textChi (encoding TU) on inpu
t line 2907.
LaTeX Encoding Info:    Redeclaring text command \textPsi (encoding TU) on inpu
t line 2908.
LaTeX Encoding Info:    Redeclaring text command \textOmega (encoding TU) on in
put line 2909.
LaTeX Encoding Info:    Redeclaring text command \textalpha (encoding TU) on in
put line 2911.
LaTeX Encoding Info:    Redeclaring text command \textbeta (encoding TU) on inp
ut line 2912.
LaTeX Encoding Info:    Redeclaring text command \textgrgamma (encoding TU) on 
input line 2913.
LaTeX Encoding Info:    Redeclaring text command \textdelta (encoding TU) on in
put line 2914.
LaTeX Encoding Info:    Redeclaring text command \textzeta (encoding TU) on inp
ut line 2916.
LaTeX Encoding Info:    Redeclaring text command \texteta (encoding TU) on inpu
t line 2917.
LaTeX Encoding Info:    Redeclaring text command \texttheta (encoding TU) on in
put line 2918.
LaTeX Encoding Info:    Redeclaring text command \textgriota (encoding TU) on i
nput line 2919.
LaTeX Encoding Info:    Redeclaring text command \textkappa (encoding TU) on in
put line 2920.
LaTeX Encoding Info:    Redeclaring text command \textlambda (encoding TU) on i
nput line 2921.
LaTeX Encoding Info:    Redeclaring text command \textmu (encoding TU) on input
 line 2922.
LaTeX Encoding Info:    Redeclaring text command \textnu (encoding TU) on input
 line 2923.
LaTeX Encoding Info:    Redeclaring text command \textxi (encoding TU) on input
 line 2924.
LaTeX Encoding Info:    Redeclaring text command \textomicron (encoding TU) on 
input line 2925.
LaTeX Encoding Info:    Redeclaring text command \textpi (encoding TU) on input
 line 2926.
LaTeX Encoding Info:    Redeclaring text command \textrho (encoding TU) on inpu
t line 2927.
LaTeX Encoding Info:    Redeclaring text command \textgrsigma (encoding TU) on 
input line 2928.
LaTeX Encoding Info:    Redeclaring text command \textsigma (encoding TU) on in
put line 2929.
LaTeX Encoding Info:    Redeclaring text command \texttau (encoding TU) on inpu
t line 2930.
LaTeX Encoding Info:    Redeclaring text command \textupsilon (encoding TU) on 
input line 2931.
LaTeX Encoding Info:    Redeclaring text command \textgrphi (encoding TU) on in
put line 2932.
LaTeX Encoding Info:    Redeclaring text command \textchi (encoding TU) on inpu
t line 2933.
LaTeX Encoding Info:    Redeclaring text command \textpsi (encoding TU) on inpu
t line 2934.
LaTeX Encoding Info:    Redeclaring text command \textomega (encoding TU) on in
put line 2935.
LaTeX Encoding Info:    Redeclaring text command \textsoftsign (encoding TU) on
 input line 2937.
LaTeX Encoding Info:    Redeclaring text command \texthardsign (encoding TU) on
 input line 2938.
LaTeX Encoding Info:    Redeclaring text command \textalef (encoding TU) on inp
ut line 2940.
LaTeX Encoding Info:    Redeclaring text command \textbet (encoding TU) on inpu
t line 2941.
LaTeX Encoding Info:    Redeclaring text command \textgimel (encoding TU) on in
put line 2942.
LaTeX Encoding Info:    Redeclaring text command \textdalet (encoding TU) on in
put line 2943.
LaTeX Encoding Info:    Redeclaring text command \textbaht (encoding TU) on inp
ut line 2945.
LaTeX Encoding Info:    Redeclaring text command \textsca (encoding TU) on inpu
t line 2947.
LaTeX Encoding Info:    Redeclaring text command \textsce (encoding TU) on inpu
t line 2954.
LaTeX Encoding Info:    Redeclaring text command \textscj (encoding TU) on inpu
t line 2957.
LaTeX Encoding Info:    Redeclaring text command \textsck (encoding TU) on inpu
t line 2958.
LaTeX Encoding Info:    Redeclaring text command \textscm (encoding TU) on inpu
t line 2960.
LaTeX Encoding Info:    Redeclaring text command \textscp (encoding TU) on inpu
t line 2971.
LaTeX Encoding Info:    Redeclaring text command \textrevscr (encoding TU) on i
nput line 2972.
LaTeX Encoding Info:    Redeclaring text command \textsct (encoding TU) on inpu
t line 2974.
LaTeX Encoding Info:    Redeclaring text command \textscu (encoding TU) on inpu
t line 2975.
LaTeX Encoding Info:    Redeclaring text command \textscv (encoding TU) on inpu
t line 2979.
LaTeX Encoding Info:    Redeclaring text command \textscw (encoding TU) on inpu
t line 2980.
LaTeX Encoding Info:    Redeclaring text command \textscz (encoding TU) on inpu
t line 2981.
LaTeX Encoding Info:    Redeclaring text command \textscezh (encoding TU) on in
put line 2982.
LaTeX Encoding Info:    Redeclaring text command \textain (encoding TU) on inpu
t line 2984.
LaTeX Encoding Info:    Redeclaring text command \textscgamma (encoding TU) on 
input line 2985.
LaTeX Encoding Info:    Redeclaring text command \textsclambda (encoding TU) on
 input line 2986.
LaTeX Encoding Info:    Redeclaring text command \textscpi (encoding TU) on inp
ut line 2987.
LaTeX Encoding Info:    Redeclaring text command \textscrho (encoding TU) on in
put line 2988.
LaTeX Encoding Info:    Redeclaring text command \textscpsi (encoding TU) on in
put line 2989.
LaTeX Encoding Info:    Redeclaring text command \textscel (encoding TU) on inp
ut line 2990.
LaTeX Encoding Info:    Redeclaring text command \textlhookb (encoding TU) on i
nput line 3071.
LaTeX Encoding Info:    Redeclaring text command \textlhookd (encoding TU) on i
nput line 3073.
LaTeX Encoding Info:    Redeclaring text command \textlhookf (encoding TU) on i
nput line 3075.
LaTeX Encoding Info:    Redeclaring text command \textlhookg (encoding TU) on i
nput line 3077.
LaTeX Encoding Info:    Redeclaring text command \textlhookk (encoding TU) on i
nput line 3079.
LaTeX Encoding Info:    Redeclaring text command \textlhookl (encoding TU) on i
nput line 3081.
LaTeX Encoding Info:    Redeclaring text command \textlhookm (encoding TU) on i
nput line 3083.
LaTeX Encoding Info:    Redeclaring text command \textlhookn (encoding TU) on i
nput line 3085.
LaTeX Encoding Info:    Redeclaring text command \textlhookp (encoding TU) on i
nput line 3087.
LaTeX Encoding Info:    Redeclaring text command \textlhookr (encoding TU) on i
nput line 3089.
LaTeX Encoding Info:    Redeclaring text command \textlhooks (encoding TU) on i
nput line 3091.
LaTeX Encoding Info:    Redeclaring text command \textlhookesh (encoding TU) on
 input line 3093.
LaTeX Encoding Info:    Redeclaring text command \textlhookv (encoding TU) on i
nput line 3095.
LaTeX Encoding Info:    Redeclaring text command \textlhookx (encoding TU) on i
nput line 3097.
LaTeX Encoding Info:    Redeclaring text command \textlhookz (encoding TU) on i
nput line 3099.
LaTeX Encoding Info:    Redeclaring text command \textrhooka (encoding TU) on i
nput line 3101.
LaTeX Encoding Info:    Redeclaring text command \textrhookalpha (encoding TU) 
on input line 3103.
LaTeX Encoding Info:    Redeclaring text command \texthtrtaild (encoding TU) on
 input line 3105.
LaTeX Encoding Info:    Redeclaring text command \textrhooke (encoding TU) on i
nput line 3107.
LaTeX Encoding Info:    Redeclaring text command \textrhookepsilon (encoding TU
) on input line 3110.
LaTeX Encoding Info:    Redeclaring text command \textrhookturne (encoding TU) 
on input line 3115.
LaTeX Encoding Info:    Redeclaring text command \textrhooki (encoding TU) on i
nput line 3117.
LaTeX Encoding Info:    Redeclaring text command \textrhookopeno (encoding TU) 
on input line 3119.
LaTeX Encoding Info:    Redeclaring text command \textrhookesh (encoding TU) on
 input line 3121.
LaTeX Encoding Info:    Redeclaring text command \textrhooku (encoding TU) on i
nput line 3123.
LaTeX Encoding Info:    Redeclaring text command \textrhookezh (encoding TU) on
 input line 3125.
LaTeX Encoding Info:    Redeclaring text command \textthreequartersemdash (enco
ding TU) on input line 3518.
LaTeX Encoding Info:    Redeclaring text command \textendash (encoding TU) on i
nput line 3519.
LaTeX Encoding Info:    Redeclaring text command \textemdash (encoding TU) on i
nput line 3520.
LaTeX Encoding Info:    Redeclaring text command \texttwelveudash (encoding TU)
 on input line 3521.
LaTeX Encoding Info:    Redeclaring text command \textbardbl (encoding TU) on i
nput line 3522.
LaTeX Encoding Info:    Redeclaring text command \textdoublevertline (encoding 
TU) on input line 3523.
LaTeX Encoding Info:    Redeclaring text command \textquoteleft (encoding TU) o
n input line 3525.
LaTeX Encoding Info:    Redeclaring text command \textquoteright (encoding TU) 
on input line 3526.
LaTeX Encoding Info:    Redeclaring text command \quotesinglbase (encoding TU) 
on input line 3527.
LaTeX Encoding Info:    Redeclaring text command \textquotestraightbase (encodi
ng TU) on input line 3528.
LaTeX Encoding Info:    Redeclaring text command \textquotedblleft (encoding TU
) on input line 3530.
LaTeX Encoding Info:    Redeclaring text command \textquotedblright (encoding T
U) on input line 3531.
LaTeX Encoding Info:    Redeclaring text command \quotedblbase (encoding TU) on
 input line 3532.
LaTeX Encoding Info:    Redeclaring text command \textquotestraightdblbase (enc
oding TU) on input line 3533.
LaTeX Encoding Info:    Redeclaring text command \textdagger (encoding TU) on i
nput line 3535.
LaTeX Encoding Info:    Redeclaring text command \textdaggerdbl (encoding TU) o
n input line 3536.
LaTeX Encoding Info:    Redeclaring text command \textbullet (encoding TU) on i
nput line 3537.
LaTeX Encoding Info:    Redeclaring text command \textellipsis (encoding TU) on
 input line 3538.
LaTeX Encoding Info:    Redeclaring text command \textperthousand (encoding TU)
 on input line 3539.
LaTeX Encoding Info:    Redeclaring text command \textpertenthousand (encoding 
TU) on input line 3540.
LaTeX Encoding Info:    Redeclaring text command \textpermille (encoding TU) on
 input line 3541.
LaTeX Encoding Info:    Redeclaring text command \textcaret (encoding TU) on in
put line 3542.
LaTeX Encoding Info:    Redeclaring text command \guilsinglleft (encoding TU) o
n input line 3543.
LaTeX Encoding Info:    Redeclaring text command \guilsinglright (encoding TU) 
on input line 3544.
LaTeX Encoding Info:    Redeclaring text command \textreferencemark (encoding T
U) on input line 3545.
LaTeX Encoding Info:    Redeclaring text command \textinterrobang (encoding TU)
 on input line 3547.
LaTeX Encoding Info:    Redeclaring text command \textbottomtiebar (encoding TU
) on input line 3548.
LaTeX Encoding Info:    Redeclaring text command \textasterism (encoding TU) on
 input line 3549.
LaTeX Encoding Info:    Redeclaring text command \textfractionsolidus (encoding
 TU) on input line 3550.
LaTeX Encoding Info:    Redeclaring text command \textlquill (encoding TU) on i
nput line 3551.
LaTeX Encoding Info:    Redeclaring text command \textrquill (encoding TU) on i
nput line 3552.
LaTeX Encoding Info:    Redeclaring text command \textdiscount (encoding TU) on
 input line 3557.
LaTeX Encoding Info:    Redeclaring text command \textcolonmonetary (encoding T
U) on input line 3611.
LaTeX Encoding Info:    Redeclaring text command \textlira (encoding TU) on inp
ut line 3614.
LaTeX Encoding Info:    Redeclaring text command \textnaira (encoding TU) on in
put line 3616.
LaTeX Encoding Info:    Redeclaring text command \textwon (encoding TU) on inpu
t line 3619.
LaTeX Encoding Info:    Redeclaring text command \textdong (encoding TU) on inp
ut line 3621.
LaTeX Encoding Info:    Redeclaring text command \texteuro (encoding TU) on inp
ut line 3622.
LaTeX Encoding Info:    Redeclaring text command \textpeso (encoding TU) on inp
ut line 3627.
LaTeX Encoding Info:    Redeclaring text command \textcelsius (encoding TU) on 
input line 3634.
LaTeX Encoding Info:    Redeclaring text command \textnumero (encoding TU) on i
nput line 3637.
LaTeX Encoding Info:    Redeclaring text command \textcircledP (encoding TU) on
 input line 3638.
LaTeX Encoding Info:    Redeclaring text command \textrecipe (encoding TU) on i
nput line 3639.
LaTeX Encoding Info:    Redeclaring text command \textservicemark (encoding TU)
 on input line 3640.
LaTeX Encoding Info:    Redeclaring text command \texttrademark (encoding TU) o
n input line 3641.
LaTeX Encoding Info:    Redeclaring text command \textohm (encoding TU) on inpu
t line 3643.
LaTeX Encoding Info:    Redeclaring text command \textmho (encoding TU) on inpu
t line 3644.
LaTeX Encoding Info:    Redeclaring text command \textestimated (encoding TU) o
n input line 3647.
LaTeX Encoding Info:    Redeclaring text command \textleftarrow (encoding TU) o
n input line 3680.
LaTeX Encoding Info:    Redeclaring text command \textuparrow (encoding TU) on 
input line 3681.
LaTeX Encoding Info:    Redeclaring text command \textupfullarrow (encoding TU)
 on input line 3683.
LaTeX Encoding Info:    Redeclaring text command \textrightarrow (encoding TU) 
on input line 3684.
LaTeX Encoding Info:    Redeclaring text command \textdownarrow (encoding TU) o
n input line 3685.
LaTeX Encoding Info:    Redeclaring text command \textdownfullarrow (encoding T
U) on input line 3687.
LaTeX Encoding Info:    Redeclaring text command \textleftrightarrow (encoding 
TU) on input line 3688.
LaTeX Encoding Info:    Redeclaring text command \textupdownarrow (encoding TU)
 on input line 3689.
LaTeX Encoding Info:    Redeclaring text command \textnwarrow (encoding TU) on 
input line 3690.
LaTeX Encoding Info:    Redeclaring text command \textglobrise (encoding TU) on
 input line 3691.
LaTeX Encoding Info:    Redeclaring text command \textnearrow (encoding TU) on 
input line 3692.
LaTeX Encoding Info:    Redeclaring text command \textsearrow (encoding TU) on 
input line 3693.
LaTeX Encoding Info:    Redeclaring text command \textglobfall (encoding TU) on
 input line 3694.
LaTeX Encoding Info:    Redeclaring text command \textswarrow (encoding TU) on 
input line 3695.
LaTeX Encoding Info:    Redeclaring text command \textminus (encoding TU) on in
put line 3697.
LaTeX Encoding Info:    Redeclaring text command \textsurd (encoding TU) on inp
ut line 3699.
LaTeX Encoding Info:    Redeclaring text command \textblank (encoding TU) on in
put line 3702.
LaTeX Encoding Info:    Redeclaring text command \textvisiblespace (encoding TU
) on input line 3703.
LaTeX Encoding Info:    Redeclaring text command \textopenbullet (encoding TU) 
on input line 3704.
LaTeX Encoding Info:    Redeclaring text command \textfemale (encoding TU) on i
nput line 3705.
LaTeX Encoding Info:    Redeclaring text command \textmusicalnote (encoding TU)
 on input line 3706.
LaTeX Encoding Info:    Redeclaring text command \textmarried (encoding TU) on 
input line 3707.
LaTeX Encoding Info:    Redeclaring text command \textdivorced (encoding TU) on
 input line 3708.
LaTeX Encoding Info:    Redeclaring text command \textuncrfemale (encoding TU) 
on input line 3709.
LaTeX Encoding Info:    Redeclaring text command \textlhookfour (encoding TU) o
n input line 3714.
LaTeX Encoding Info:    Redeclaring text command \textcapitalheng (encoding TU)
 on input line 3717.
LaTeX Encoding Info:    Redeclaring text command \textheng (encoding TU) on inp
ut line 3718.
LaTeX Encoding Info:    Redeclaring text command \textcapitaltzlig (encoding TU
) on input line 3720.
LaTeX Encoding Info:    Redeclaring text command \texttzlig (encoding TU) on in
put line 3721.
LaTeX Encoding Info:    Redeclaring text command \textcapitaltresillo (encoding
 TU) on input line 3722.
LaTeX Encoding Info:    Redeclaring text command \texttresillo (encoding TU) on
 input line 3723.
LaTeX Encoding Info:    Redeclaring text command \textscf (encoding TU) on inpu
t line 3724.
LaTeX Encoding Info:    Redeclaring text command \textscs (encoding TU) on inpu
t line 3725.
LaTeX Encoding Info:    Redeclaring text command \textcapitalaalig (encoding TU
) on input line 3726.
LaTeX Encoding Info:    Redeclaring text command \textaalig (encoding TU) on in
put line 3727.
LaTeX Encoding Info:    Redeclaring text command \textcapitalaolig (encoding TU
) on input line 3728.
LaTeX Encoding Info:    Redeclaring text command \textaolig (encoding TU) on in
put line 3729.
LaTeX Encoding Info:    Redeclaring text command \textcapitalaulig (encoding TU
) on input line 3730.
LaTeX Encoding Info:    Redeclaring text command \textaulig (encoding TU) on in
put line 3731.
LaTeX Encoding Info:    Redeclaring text command \textcapitalavlig (encoding TU
) on input line 3732.
LaTeX Encoding Info:    Redeclaring text command \textavlig (encoding TU) on in
put line 3733.
LaTeX Encoding Info:    Redeclaring text command \textbarcapitalavlig (encoding
 TU) on input line 3734.
LaTeX Encoding Info:    Redeclaring text command \textbaravlig (encoding TU) on
 input line 3735.
LaTeX Encoding Info:    Redeclaring text command \textcapitalaylig (encoding TU
) on input line 3736.
LaTeX Encoding Info:    Redeclaring text command \textaylig (encoding TU) on in
put line 3737.
LaTeX Encoding Info:    Redeclaring text command \textcapitalrevcdot (encoding 
TU) on input line 3738.
LaTeX Encoding Info:    Redeclaring text command \textrevcdot (encoding TU) on 
input line 3739.
LaTeX Encoding Info:    Redeclaring text command \textcapitalinsd (encoding TU)
 on input line 3741.
LaTeX Encoding Info:    Redeclaring text command \textinsd (encoding TU) on inp
ut line 3742.
LaTeX Encoding Info:    Redeclaring text command \textcapitalinsf (encoding TU)
 on input line 3743.
LaTeX Encoding Info:    Redeclaring text command \textinsf (encoding TU) on inp
ut line 3744.
LaTeX Encoding Info:    Redeclaring text command \textcapitalinsg (encoding TU)
 on input line 3745.
LaTeX Encoding Info:    Redeclaring text command \textcapitalturninsg (encoding
 TU) on input line 3746.
LaTeX Encoding Info:    Redeclaring text command \textturninsg (encoding TU) on
 input line 3747.
LaTeX Encoding Info:    Redeclaring text command \textcapitalturnl (encoding TU
) on input line 3748.
LaTeX Encoding Info:    Redeclaring text command \textturnl (encoding TU) on in
put line 3749.
LaTeX Encoding Info:    Redeclaring text command \textcapitalinsr (encoding TU)
 on input line 3750.
LaTeX Encoding Info:    Redeclaring text command \textinsr (encoding TU) on inp
ut line 3751.
LaTeX Encoding Info:    Redeclaring text command \textcapitalinss (encoding TU)
 on input line 3752.
LaTeX Encoding Info:    Redeclaring text command \textinss (encoding TU) on inp
ut line 3753.
LaTeX Encoding Info:    Redeclaring text command \textcapitalinst (encoding TU)
 on input line 3754.
LaTeX Encoding Info:    Redeclaring text command \textinst (encoding TU) on inp
ut line 3755.
LaTeX Encoding Info:    Redeclaring text command \textcapitalsaltillo (encoding
 TU) on input line 3756.
LaTeX Encoding Info:    Redeclaring text command \textsaltillo (encoding TU) on
 input line 3757.
) (/usr/local/texlive/2026/texmf-dist/tex/xelatex/xecjk/xunicode-extra.def
File: xunicode-extra.def 2026/08/21 v3.10.6 extra definition for xunicode
LaTeX Encoding Info:    Redeclaring text command \textsuperscript (encoding TU)
 on input line 38.
LaTeX Encoding Info:    Redeclaring text command \textsubscript (encoding TU) o
n input line 39.
LaTeX Encoding Info:    Redeclaring text command \textsbleftarrow (encoding TU)
 on input line 39.
LaTeX Encoding Info:    Redeclaring text command \` (encoding TU) on input line
 40.
LaTeX Encoding Info:    Redeclaring text command \capitalgrave (encoding TU) on
 input line 41.
LaTeX Encoding Info:    Redeclaring text command \' (encoding TU) on input line
 42.
LaTeX Encoding Info:    Redeclaring text command \capitalacute (encoding TU) on
 input line 43.
LaTeX Encoding Info:    Redeclaring text command \^ (encoding TU) on input line
 44.
LaTeX Encoding Info:    Redeclaring text command \capitalcircumflex (encoding T
U) on input line 45.
LaTeX Encoding Info:    Redeclaring text command \~ (encoding TU) on input line
 46.
LaTeX Encoding Info:    Redeclaring text command \capitaltilde (encoding TU) on
 input line 47.
LaTeX Encoding Info:    Redeclaring text command \= (encoding TU) on input line
 48.
LaTeX Encoding Info:    Redeclaring text command \capitalmacron (encoding TU) o
n input line 49.
LaTeX Encoding Info:    Redeclaring text command \textoverline (encoding TU) on
 input line 50.
LaTeX Encoding Info:    Redeclaring text command \u (encoding TU) on input line
 51.
LaTeX Encoding Info:    Redeclaring text command \capitalbreve (encoding TU) on
 input line 52.
LaTeX Encoding Info:    Redeclaring text command \. (encoding TU) on input line
 53.
LaTeX Encoding Info:    Redeclaring text command \capitaldotaccent (encoding TU
) on input line 54.
LaTeX Encoding Info:    Redeclaring text command \" (encoding TU) on input line
 55.
LaTeX Encoding Info:    Redeclaring text command \capitaldieresis (encoding TU)
 on input line 56.
LaTeX Encoding Info:    Redeclaring text command \m (encoding TU) on input line
 57.
LaTeX Encoding Info:    Redeclaring text command \texthookabove (encoding TU) o
n input line 58.
LaTeX Encoding Info:    Redeclaring text command \r (encoding TU) on input line
 59.
LaTeX Encoding Info:    Redeclaring text command \capitalring (encoding TU) on 
input line 60.
LaTeX Encoding Info:    Redeclaring text command \H (encoding TU) on input line
 61.
LaTeX Encoding Info:    Redeclaring text command \capitalhungarumlaut (encoding
 TU) on input line 62.
LaTeX Encoding Info:    Redeclaring text command \v (encoding TU) on input line
 63.
LaTeX Encoding Info:    Redeclaring text command \capitalcaron (encoding TU) on
 input line 64.
LaTeX Encoding Info:    Redeclaring text command \textvbaraccent (encoding TU) 
on input line 65.
LaTeX Encoding Info:    Redeclaring text command \textdoublevbaraccent (encodin
g TU) on input line 66.
LaTeX Encoding Info:    Redeclaring text command \U (encoding TU) on input line
 67.
LaTeX Encoding Info:    Redeclaring text command \textdoublegrave (encoding TU)
 on input line 68.
LaTeX Encoding Info:    Redeclaring text command \G (encoding TU) on input line
 69.
LaTeX Encoding Info:    Redeclaring text command \textdotbreve (encoding TU) on
 input line 70.
LaTeX Encoding Info:    Redeclaring text command \textroundcap (encoding TU) on
 input line 71.
LaTeX Encoding Info:    Redeclaring text command \newtie (encoding TU) on input
 line 72.
LaTeX Encoding Info:    Redeclaring text command \capitalnewtie (encoding TU) o
n input line 73.
LaTeX Encoding Info:    Redeclaring text command \textturncommaabove (encoding 
TU) on input line 74.
LaTeX Encoding Info:    Redeclaring text command \textcommaabove (encoding TU) 
on input line 75.
LaTeX Encoding Info:    Redeclaring text command \textrevcommaabove (encoding T
U) on input line 76.
LaTeX Encoding Info:    Redeclaring text command \overbridge (encoding TU) on i
nput line 77.
LaTeX Encoding Info:    Redeclaring text command \crtilde (encoding TU) on inpu
t line 78.
LaTeX Encoding Info:    Redeclaring text command \dottedtilde (encoding TU) on 
input line 79.
LaTeX Encoding Info:    Redeclaring text command \doubletilde (encoding TU) on 
input line 80.
LaTeX Encoding Info:    Redeclaring text command \textrightarrowhead (encoding 
TU) on input line 81.
LaTeX Encoding Info:    Redeclaring text command \textlefthalfring (encoding TU
) on input line 82.
LaTeX Encoding Info:    Redeclaring text command \textrighthalfring (encoding T
U) on input line 83.
LaTeX Encoding Info:    Redeclaring text command \textdoublebrevebelow (encodin
g TU) on input line 84.
LaTeX Encoding Info:    Redeclaring text command \textdoublebreve (encoding TU)
 on input line 85.
LaTeX Encoding Info:    Redeclaring text command \textdoublemacron (encoding TU
) on input line 86.
LaTeX Encoding Info:    Redeclaring text command \textdoublemacronbelow (encodi
ng TU) on input line 87.
LaTeX Encoding Info:    Redeclaring text command \textdoubletilde (encoding TU)
 on input line 88.
LaTeX Encoding Info:    Redeclaring text command \t (encoding TU) on input line
 89.
LaTeX Encoding Info:    Redeclaring text command \capitaltie (encoding TU) on i
nput line 90.
LaTeX Encoding Info:    Redeclaring text command \texttoptiebar (encoding TU) o
n input line 91.
LaTeX Encoding Info:    Redeclaring text command \sliding (encoding TU) on inpu
t line 92.
LaTeX Encoding Info:    Redeclaring text command \t (encoding TU) on input line
 93.
LaTeX Encoding Info:    Redeclaring text command \capitaltie (encoding TU) on i
nput line 94.
LaTeX Encoding Info:    Redeclaring text command \texttoptiebar (encoding TU) o
n input line 95.
LaTeX Encoding Info:    Redeclaring text command \sliding (encoding TU) on inpu
t line 96.
LaTeX Encoding Info:    Redeclaring text command \texthighrise (encoding TU) on
 input line 97.
LaTeX Encoding Info:    Redeclaring text command \textlowrise (encoding TU) on 
input line 98.
LaTeX Encoding Info:    Redeclaring text command \textrisefall (encoding TU) on
 input line 99.
LaTeX Encoding Info:    Redeclaring text command \textfallrise (encoding TU) on
 input line 100.
LaTeX Encoding Info:    Redeclaring text command \textaolig (encoding TU) on in
put line 101.
LaTeX Encoding Info:    Redeclaring text command \textgimel (encoding TU) on in
put line 108.
LaTeX Encoding Info:    Redeclaring text command \textbigcircle (encoding TU) o
n input line 113.
LaTeX Encoding Info:    Redeclaring text command \textlnot (encoding TU) on inp
ut line 274.
LaTeX Encoding Info:    Redeclaring text command \j (encoding TU) on input line
 305.
LaTeX Encoding Info:    Redeclaring text command \texttildelow (encoding TU) on
 input line 318.
LaTeX Encoding Info:    Redeclaring text command \textcompwordmark (encoding TU
) on input line 669.
LaTeX Encoding Info:    Redeclaring text command \textguarani (encoding TU) on 
input line 722.
LaTeX Encoding Info:    Redeclaring text command \textlangle (encoding TU) on i
nput line 1065.
LaTeX Encoding Info:    Redeclaring text command \textrangle (encoding TU) on i
nput line 1066.
LaTeX Encoding Info:    Redeclaring text command \textlbrackdbl (encoding TU) o
n input line 1270.
LaTeX Encoding Info:    Redeclaring text command \textrbrackdbl (encoding TU) o
n input line 1271.
LaTeX Encoding Info:    Redeclaring text command \textinterrobangdown (encoding
 TU) on input line 1407.
)
Package csquotes Info: Checking for multilingual support...
Package csquotes Info: ... none found.

(./main.aux)
\openout1 = `main.aux'.

LaTeX Font Info:    Checking defaults for OML/cmm/m/it on input line 130.
LaTeX Font Info:    ... okay on input line 130.
LaTeX Font Info:    Checking defaults for OMS/cmsy/m/n on input line 130.
LaTeX Font Info:    ... okay on input line 130.
LaTeX Font Info:    Checking defaults for OT1/cmr/m/n on input line 130.
LaTeX Font Info:    ... okay on input line 130.
LaTeX Font Info:    Checking defaults for T1/cmr/m/n on input line 130.
LaTeX Font Info:    ... okay on input line 130.
LaTeX Font Info:    Checking defaults for TS1/cmr/m/n on input line 130.
LaTeX Font Info:    ... okay on input line 130.
LaTeX Font Info:    Checking defaults for TU/lmr/m/n on input line 130.
LaTeX Font Info:    ... okay on input line 130.
LaTeX Font Info:    Checking defaults for OMX/cmex/m/n on input line 130.
LaTeX Font Info:    ... okay on input line 130.
LaTeX Font Info:    Checking defaults for U/cmr/m/n on input line 130.
LaTeX Font Info:    ... okay on input line 130.
LaTeX Font Info:    Checking defaults for OT2/cmr/m/n on input line 130.
LaTeX Font Info:    Trying to load font information for OT2+cmr on input line 1
30.
 (/usr/local/texlive/2026/texmf-dist/tex/latex/cyrillic/ot2cmr.fd
File: ot2cmr.fd 2001/08/11 v3.2c Computer Modern Cyrillic font definitions
)
LaTeX Font Info:    ... okay on input line 130.
LaTeX Font Info:    Checking defaults for T3/cmr/m/n on input line 130.
LaTeX Font Info:    Trying to load font information for T3+cmr on input line 13
0.

(/usr/local/texlive/2026/texmf-dist/tex/latex/tipa/t3cmr.fd
File: t3cmr.fd 2001/12/31 TIPA font definitions
)
LaTeX Font Info:    ... okay on input line 130.
LaTeX Font Info:    Checking defaults for PD1/pdf/m/n on input line 130.
LaTeX Font Info:    ... okay on input line 130.
LaTeX Font Info:    Checking defaults for PU/pdf/m/n on input line 130.
LaTeX Font Info:    ... okay on input line 130.

Package fontspec Info: 
(fontspec)             Adjusting the maths setup (use [no-math] to avoid
(fontspec)             this).

\symlegacymaths=\mathgroup10
LaTeX Font Info:    Overwriting symbol font `legacymaths' in version `bold'
(Font)                  OT1/cmr/m/n --> OT1/cmr/bx/n on input line 130.
LaTeX Font Info:    Redeclaring math accent \acute on input line 130.
LaTeX Font Info:    Redeclaring math accent \grave on input line 130.
LaTeX Font Info:    Redeclaring math accent \ddot on input line 130.
LaTeX Font Info:    Redeclaring math accent \tilde on input line 130.
LaTeX Font Info:    Redeclaring math accent \bar on input line 130.
LaTeX Font Info:    Redeclaring math accent \breve on input line 130.
LaTeX Font Info:    Redeclaring math accent \check on input line 130.
LaTeX Font Info:    Redeclaring math accent \hat on input line 130.
LaTeX Font Info:    Redeclaring math accent \dot on input line 130.
LaTeX Font Info:    Redeclaring math accent \mathring on input line 130.
LaTeX Font Info:    Redeclaring math symbol \Gamma on input line 130.
LaTeX Font Info:    Redeclaring math symbol \Delta on input line 130.
LaTeX Font Info:    Redeclaring math symbol \Theta on input line 130.
LaTeX Font Info:    Redeclaring math symbol \Lambda on input line 130.
LaTeX Font Info:    Redeclaring math symbol \Xi on input line 130.
LaTeX Font Info:    Redeclaring math symbol \Pi on input line 130.
LaTeX Font Info:    Redeclaring math symbol \Sigma on input line 130.
LaTeX Font Info:    Redeclaring math symbol \Upsilon on input line 130.
LaTeX Font Info:    Redeclaring math symbol \Phi on input line 130.
LaTeX Font Info:    Redeclaring math symbol \Psi on input line 130.
LaTeX Font Info:    Redeclaring math symbol \Omega on input line 130.
LaTeX Font Info:    Redeclaring math symbol \mathdollar on input line 130.
LaTeX Font Info:    Redeclaring symbol font `operators' on input line 130.
LaTeX Font Info:    Encoding `OT1' has changed to `TU' for symbol font
(Font)              `operators' in the math version `normal' on input line 130.

LaTeX Font Info:    Overwriting symbol font `operators' in version `normal'
(Font)                  OT1/cmr/m/n --> TU/lmr/m/n on input line 130.
LaTeX Font Info:    Encoding `OT1' has changed to `TU' for symbol font
(Font)              `operators' in the math version `bold' on input line 130.
LaTeX Font Info:    Overwriting symbol font `operators' in version `bold'
(Font)                  OT1/cmr/bx/n --> TU/lmr/m/n on input line 130.
LaTeX Font Info:    Overwriting symbol font `operators' in version `normal'
(Font)                  TU/lmr/m/n --> TU/lmr/m/n on input line 130.
LaTeX Font Info:    Overwriting math alphabet `\mathit' in version `normal'
(Font)                  OT1/cmr/m/it --> TU/lmr/m/it on input line 130.
LaTeX Font Info:    Overwriting math alphabet `\mathbf' in version `normal'
(Font)                  OT1/cmr/bx/n --> TU/lmr/b/n on input line 130.
LaTeX Font Info:    Overwriting math alphabet `\mathsf' in version `normal'
(Font)                  OT1/cmss/m/n --> TU/lmss/m/n on input line 130.
LaTeX Font Info:    Overwriting math alphabet `\mathtt' in version `normal'
(Font)                  OT1/cmtt/m/n --> TU/lmtt/m/n on input line 130.
LaTeX Font Info:    Overwriting symbol font `operators' in version `bold'
(Font)                  TU/lmr/m/n --> TU/lmr/b/n on input line 130.
LaTeX Font Info:    Overwriting math alphabet `\mathit' in version `bold'
(Font)                  OT1/cmr/bx/it --> TU/lmr/b/it on input line 130.
LaTeX Font Info:    Overwriting math alphabet `\mathsf' in version `bold'
(Font)                  OT1/cmss/bx/n --> TU/lmss/b/n on input line 130.
LaTeX Font Info:    Overwriting math alphabet `\mathtt' in version `bold'
(Font)                  OT1/cmtt/m/n --> TU/lmtt/b/n on input line 130.

*geometry* driver: auto-detecting
*geometry* detected driver: xetex
*geometry* verbose mode - [ preamble ] result:
* driver: xetex
* paper: a4paper
* layout: <same size as paper>
* layoutoffset:(h,v)=(0.0pt,0.0pt)
* modes: twoside 
* h-part:(L,W,R)=(54.34477pt, 488.81834pt, 54.34476pt)
* v-part:(T,H,B)=(72.26997pt, 700.50684pt, 72.27003pt)
* \paperwidth=597.50787pt
* \paperheight=845.04684pt
* \textwidth=488.81834pt
* \textheight=700.50684pt
* \oddsidemargin=-17.92522pt
* \evensidemargin=-17.92523pt
* \topmargin=-31.87381pt
* \headheight=12.0pt
* \headsep=19.8738pt
* \topskip=12.0pt
* \footskip=30.0pt
* \marginparwidth=88.0pt
* \marginparsep=7.0pt
* \columnsep=10.0pt
* \skip\footins=10.8pt plus 4.0pt minus 2.0pt
* \hoffset=0.0pt
* \voffset=0.0pt
* \mag=1000
* \@twocolumnfalse
* \@twosidetrue
* \@mparswitchtrue
* \@reversemarginfalse
* (1in=72.27pt=25.4mm, 1cm=28.453pt)

*** you should *not* be loading the inputenc package
*** XeTeX expects the source to be in UTF8 encoding
*** some features of other encodings may conflict, resulting in poor output.
Package caption Info: Begin \AtBeginDocument code.
Package caption Info: hyperref package is loaded.
Package caption Info: listings package is loaded.
Package caption Info: End \AtBeginDocument code.
Package hyperref Info: Link coloring ON on input line 130.
(./main.out) (./main.out)
\@outlinefile=\write6
\openout6 = `main.out'.

Package biblatex Info: Trying to load language 'english'...
Package biblatex Info: ... file 'english.lbx' found.

(/usr/local/texlive/2026/texmf-dist/tex/latex/biblatex/lbx/english.lbx
File: english.lbx 2026/08/13 v3.22 biblatex localization (PK/MW)
)
Package biblatex Info: XeTeX detected.
(biblatex)             Assuming input encoding 'utf8'.
Package biblatex Info: Automatic encoding selection.
(biblatex)             Assuming data encoding 'utf8'.
\openout4 = `main.bcf'.

Package biblatex Info: Trying to load bibliographic data...
Package biblatex Info: ... file 'main.bbl' found.

(./main.bbl)
Package biblatex Info: Reference section=0 on input line 130.
Package biblatex Info: Reference segment=0 on input line 130.
\c@lstlisting=\count574

Package fontspec Info: 
(fontspec)             Script 'CJK' not explicitly supported within font
(fontspec)             'Kaiti SC'. Check the typeset output, and if it is okay
(fontspec)             then ignore this warning. Otherwise a different font
(fontspec)             should be chosen.


Package fontspec Info: 
(fontspec)             Could not resolve font "Kaiti SC Bold/I" (it probably
(fontspec)             doesn't exist).


Package fontspec Info: 
(fontspec)             Could not resolve font "Kaiti SC/BI" (it probably
(fontspec)             doesn't exist).


Package fontspec Info: 
(fontspec)             Could not resolve font "Kaiti SC/I" (it probably
(fontspec)             doesn't exist).


Package fontspec Info: 
(fontspec)             Font family 'KaitiSC(0)' created for font 'Kaiti SC'
(fontspec)             with options [Script={CJK},BoldFont={Kaiti SC Bold}].
(fontspec)              
(fontspec)              This font family consists of the following NFSS
(fontspec)             series/shapes:
(fontspec)              
(fontspec)             - 'normal' (m/n) with NFSS spec.: <->"Kaiti
(fontspec)             SC/OT:script=hani;language=dflt;"
(fontspec)             - 'bold' (b/n) with NFSS spec.: <->"Kaiti SC
(fontspec)             Bold/OT:script=hani;language=dflt;"

 [1




] (./preface.tex
LaTeX Font Info:    Trying to load font information for U+msa on input line 17.


(/usr/local/texlive/2026/texmf-dist/tex/latex/amsfonts/umsa.fd
File: umsa.fd 2013/01/14 v3.01 AMS symbols A
)
LaTeX Font Info:    Trying to load font information for U+msb on input line 17.


(/usr/local/texlive/2026/texmf-dist/tex/latex/amsfonts/umsb.fd
File: umsb.fd 2013/01/14 v3.01 AMS symbols B
)
LaTeX Font Info:    Trying to load font information for U+rsfs on input line 17
.

(/usr/local/texlive/2026/texmf-dist/tex/latex/jknapltx/ursfs.fd
File: ursfs.fd 1998/03/24 rsfs font definition file (jk)
)) [1

]
(./main.toc)
\tf@toc=\write7
\openout7 = `main.toc'.

 [2

]
第一章
(./ch1.1.tex [1


]

Package fontspec Info: 
(fontspec)             Script 'CJK' not explicitly supported within font
(fontspec)             'Songti SC Regular'. Check the typeset output, and if
(fontspec)             it is okay then ignore this warning. Otherwise a
(fontspec)             different font should be chosen.


Package fontspec Info: 
(fontspec)             Could not resolve font "Songti SC Bold/I" (it probably
(fontspec)             doesn't exist).


Package fontspec Info: 
(fontspec)             Could not resolve font "Songti SC Regular/I" (it
(fontspec)             probably doesn't exist).


Package fontspec Info: 
(fontspec)             Font family 'SongtiSCRegular(1)' created for font
(fontspec)             'Songti SC Regular' with options
(fontspec)             [Script={CJK},BoldFont={Songti SC Bold}].
(fontspec)              
(fontspec)              This font family consists of the following NFSS
(fontspec)             series/shapes:
(fontspec)              
(fontspec)             - 'normal' (m/n) with NFSS spec.: <->"Songti SC
(fontspec)             Regular/OT:script=hani;language=dflt;"
(fontspec)             - 'bold' (b/n) with NFSS spec.: <->"Songti SC
(fontspec)             Bold/OT:script=hani;language=dflt;"
(fontspec)             - 'bold italic' (b/it) with NFSS spec.: <->"Songti SC
(fontspec)             Regular/BI/OT:script=hani;language=dflt;"



LaTeX Font Warning: Font shape `TU/SongtiSCRegular(1)/m/it' undefined
(Font)              using `TU/SongtiSCRegular(1)/m/n' instead on input line 116
.

LaTeX Font Info:    Font shape `TU/SongtiSCRegular(0)/m/sl' in size <12.045> no
t available
(Font)              Font shape `TU/SongtiSCRegular(0)/m/it' tried instead on in
put line 150.
[2] [3]) (./ch1.2.tex [4] [5]
Overfull \hbox (15.12437pt too wide) in paragraph at lines 141--145
[]\T1/lmr/m/n/12.045 (iii) $\U/rsfs/m/n/12 U$ \TU/SongtiSCRegular(0)/m/it/12.04
5 有 一 个 加 细 $\U/rsfs/m/n/12 P \OT1/cmr/m/n/12.045 = [][] \U/rsfs/m/n/12 P[]$ \T
U/SongtiSCRegular(0)/m/it/12.045 使 得 $\OMS/cmsy/m/n/12.045 8\OML/cmm/m/it/12.04
5 ^^L < ^^N$\T1/lmr/m/it/12.045 , $\U/rsfs/m/n/12 P[]\OMS/cmsy/m/n/12.045 j[]$ 
\TU/SongtiSCRegular(0)/m/it/12.045 是 子 空 间 $\OML/cmm/m/it/12.045 X\OMS/cmsy/m/n
/12.045 n [][]\OT1/cmr/m/n/12.045 ([] \U/rsfs/m/n/12 P[]\OT1/cmr/m/n/12.045 )$
 []

[6]) (./ch1.3.tex [7]) [8]
第二章
(./ch2.tex) [9

]
第三章
(./ch3.tex) [10

]
第四章

Package hyperref Warning: Token not allowed in a PDF string (Unicode):
(hyperref)                removing `math shift' on input line 157.


Package hyperref Warning: Token not allowed in a PDF string (Unicode):
(hyperref)                removing `\lambda' on input line 157.


Package hyperref Warning: Token not allowed in a PDF string (Unicode):
(hyperref)                removing `math shift' on input line 157.


LaTeX Font Warning: Font shape `U/rsfs/m/n' in size <24.09> not available
(Font)              size <24.88> substituted on input line 157.


LaTeX Font Warning: Font shape `U/rsfs/m/n' in size <18.06749> not available
(Font)              size <17.28> substituted on input line 157.


LaTeX Font Warning: Font shape `U/rsfs/m/n' in size <15.05624> not available
(Font)              size <14.4> substituted on input line 157.

(./ch4.tex

Package hyperref Warning: Token not allowed in a PDF string (Unicode):
(hyperref)                removing `math shift' on input line 7.


Package hyperref Warning: Token not allowed in a PDF string (Unicode):
(hyperref)                removing `\lambda' on input line 7.


Package hyperref Warning: Token not allowed in a PDF string (Unicode):
(hyperref)                removing `math shift' on input line 7.


Package hyperref Warning: Token not allowed in a PDF string (Unicode):
(hyperref)                removing `math shift' on input line 10.


Package hyperref Warning: Token not allowed in a PDF string (Unicode):
(hyperref)                removing `\lambda' on input line 10.


Package hyperref Warning: Token not allowed in a PDF string (Unicode):
(hyperref)                removing `math shift' on input line 10.

) [11

] (./ref.tex
Overfull \hbox (7.54195pt too wide) in paragraph at lines 5--8
[][] 
 []


Overfull \hbox (7.53754pt too wide) in paragraph at lines 12--15
[][] 
 []


Overfull \hbox (7.53754pt too wide) in paragraph at lines 16--19
[][] 
 []


Overfull \hbox (8.03178pt too wide) in paragraph at lines 22--25
[][] 
 []


Overfull \hbox (10.16309pt too wide) in paragraph at lines 28--31
[][] 
 []


Overfull \hbox (10.16309pt too wide) in paragraph at lines 32--35
[][] 
 []


Overfull \hbox (8.36401pt too wide) in paragraph at lines 38--41
[][] 
 []

[12

] [13]
Missing character: There is no ⑧ ("2467) in font ec-lmr12!
! You can't use `macro parameter character #' in horizontal mode.
l.178 \noindent Huang Haoran (#
                                7 18)
Sorry, but I'm not programmed to handle this case;
I'll just pretend that you didn't ask for it.
If you're in the wrong mode, you might be able to
return to the right one by typing `I}' or `I$' or `I\par'.

Missing character: There is no ≥ ("2265) in font ec-lmr12!
[14] [15]
Overfull \hbox (7.10365pt too wide) in paragraph at lines 450--457
[]\T1/lmr/m/n/12.045 [1970] Meta-com-pact spaces and well-ordered open cov-er-i
ngs, No-tices Amer Math. Soc..18,230
 []

[16]
Missing character: There is no • ("2022) in font ec-lmr12!
! Missing $ inserted.
<inserted text> 
                $
l.525 [_
        1951 Uber Funktionen, die auf einer abgeschlossenen Menge stetig sind.
I've inserted a begin-math/end-math symbol since I think
you left one out. Proceed, with fingers crossed.

! Missing $ inserted.
<inserted text> 
                $
l.527 
      
I've inserted a begin-math/end-math symbol since I think
you left one out. Proceed, with fingers crossed.


Overfull \hbox (122.39105pt too wide) in paragraph at lines 525--527
[]\T1/lmr/m/n/12.045 [$[]\OT1/cmr/m/n/12.045 951\OML/cmm/m/it/12.045 UberFunkti
onen; dieaufeinerabgeschlossenenMengestetigsind:Journ:furdiereineandangew:Math:
\OT1/cmr/m/n/12.045 145\OML/cmm/m/it/12.045 ; \OT1/cmr/m/n/12.045 9 \OMS/cmsy/m
/n/12.045 ^^@
 []


Overfull \hbox (4.1122pt too wide) in paragraph at lines 551--555
[]\T1/lmr/m/n/12.045 [1981] The ra-tio-nal line par-ti-tions ev-ery selt-dense 
metriz-able space, LOpolo by Appl.,12,331-
 []

[17]
Missing character: There is no • ("2022) in font ec-lmr12!
) [18]

LaTeX Warning: Empty bibliography on input line 168.

runsystem(makeindex main.idx)...executed safely (allowed).

(./main.ind) [19




] (./main.aux)
 ***********
LaTeX2e <2026-06-01>
L3 programming layer <2026/08/21>
 ***********


LaTeX Font Warning: Size substitutions with differences
(Font)              up to 0.79001pt have occurred.


LaTeX Font Warning: Some font shapes were not available, defaults substituted.

Package rerunfilecheck Info: File `main.out' has not changed.
(rerunfilecheck)             Checksum: BE80B579DBFDC11D5C22C6438B971E6E;1609.
Package logreq Info: Writing requests to 'main.run.xml'.
\openout1 = `main.run.xml'.

 ) 
Here is how much of TeX's memory you used:
 48294 strings out of 467745
 1002432 string characters out of 5422257
 1933319 words of memory out of 5000000
 76649 multiletter control sequences out of 15000+600000
 713564 words of font info for 171 fonts, out of 8000000 for 9000
 1348 hyphenation exceptions out of 8191
 93i,11n,111p,1181b,902s stack positions out of 10000i,1000n,20000p,200000b,200000s

Output written on main.pdf (22 pages).
